FW_name,link.citation,geographic.location,longitude,latitude,ecosystem.type,study.site,altitude,depth,sampling.time,sampling.start.year,sampling.end.year,notes,temperature,ecosystem.type
AEW01,Digel et al. (2014),Germany,9.33,48.48,terrestrial belowground,Biodiversity Exploratory soil food webs,-999,-999,early summer 2008 + 2011,2008,2011,NA,8.239375,Soil
AEW02,Digel et al. (2014),Germany,9.35,48.38,terrestrial belowground,Biodiversity Exploratory soil food webs,-999,-999,early summer 2008 + 2011,2008,2011,NA,8.35641791,Soil
AEW03,Digel et al. (2014),Germany,9.36,48.41,terrestrial belowground,Biodiversity Exploratory soil food webs,-999,-999,early summer 2008 + 2011,2008,2011,NA,8.459117647,Soil
AEW04,Digel et al. (2014),Germany,9.24,48.4,terrestrial belowground,Biodiversity Exploratory soil food webs,-999,-999,early summer 2008 + 2011,2008,2011,NA,8.20078125,Soil
AEW05,Digel et al. (2014),Germany,9.41,48.42,terrestrial belowground,Biodiversity Exploratory soil food webs,-999,-999,early summer 2008 + 2011,2008,2011,NA,8.919846154,Soil
AEW06,Digel et al. (2014),Germany,9.45,48.39,terrestrial belowground,Biodiversity Exploratory soil food webs,-999,-999,early summer 2008 + 2011,2008,2011,NA,8.531911765,Soil
AEW07,Digel et al. (2014),Germany,9.26,48.4,terrestrial belowground,Biodiversity Exploratory soil food webs,-999,-999,early summer 2008 + 2011,2008,2011,NA,6.412682927,Soil
AEW08,Digel et al. (2014),Germany,9.38,48.38,terrestrial belowground,Biodiversity Exploratory soil food webs,-999,-999,early summer 2008 + 2011,2008,2011,NA,8.659253731,Soil
AEW09,Digel et al. (2014),Germany,9.42,48.37,terrestrial belowground,Biodiversity Exploratory soil food webs,-999,-999,early summer 2008 + 2011,2008,2011,NA,8.616461538,Soil
AEW11,Digel et al. (2014),Germany,9.32,48.49,terrestrial belowground,Biodiversity Exploratory soil food webs,-999,-999,early summer 2008 + 2011,2008,2011,NA,9.039285714,Soil
AEW17,Digel et al. (2014),Germany,9.24,48.4,terrestrial belowground,Biodiversity Exploratory soil food webs,-999,-999,early summer 2008 + 2011,2008,2011,NA,8.066911765,Soil
AEW18,Digel et al. (2014),Germany,9.23,48.37,terrestrial belowground,Biodiversity Exploratory soil food webs,-999,-999,early summer 2008 + 2011,2008,2011,NA,8.851641791,Soil
AEW25,Digel et al. (2014),Germany,9.42,48.48,terrestrial belowground,Biodiversity Exploratory soil food webs,-999,-999,early summer 2008 + 2011,2008,2011,NA,8.954545455,Soil
AEW27,Digel et al. (2014),Germany,9.47,48.4,terrestrial belowground,Biodiversity Exploratory soil food webs,-999,-999,early summer 2008 + 2011,2008,2011,NA,8.45953125,Soil
AEW30,Digel et al. (2014),Germany,9.37,48.37,terrestrial belowground,Biodiversity Exploratory soil food webs,-999,-999,early summer 2008 + 2011,2008,2011,NA,7.325434783,Soil
AEW49,Digel et al. (2014),Germany,9.48,48.45,terrestrial belowground,Biodiversity Exploratory soil food webs,-999,-999,early summer 2008 + 2011,2008,2011,NA,9.649047619,Soil
HEW01,Digel et al. (2014),Germany,10.32,51.19,terrestrial belowground,Biodiversity Exploratory soil food webs,-999,-999,early summer 2008 + 2011,2008,2011,NA,8.199733333,Soil
HEW02,Digel et al. (2014),Germany,10.37,51.21,terrestrial belowground,Biodiversity Exploratory soil food webs,-999,-999,early summer 2008 + 2011,2008,2011,NA,8.804931507,Soil
HEW03,Digel et al. (2014),Germany,10.31,51.27,terrestrial belowground,Biodiversity Exploratory soil food webs,-999,-999,early summer 2008 + 2011,2008,2011,NA,8.509594595,Soil
HEW04,Digel et al. (2014),Germany,10.53,51.37,terrestrial belowground,Biodiversity Exploratory soil food webs,-999,-999,early summer 2008 + 2011,2008,2011,NA,8.360405405,Soil
HEW05,Digel et al. (2014),Germany,10.24,51.26,terrestrial belowground,Biodiversity Exploratory soil food webs,-999,-999,early summer 2008 + 2011,2008,2011,NA,8.825949367,Soil
HEW06,Digel et al. (2014),Germany,10.24,51.27,terrestrial belowground,Biodiversity Exploratory soil food webs,-999,-999,early summer 2008 + 2011,2008,2011,NA,8.565333333,Soil
HEW10,Digel et al. (2014),Germany,10.46,51.09,terrestrial belowground,Biodiversity Exploratory soil food webs,-999,-999,early summer 2008 + 2011,2008,2011,NA,8.455609756,Soil
HEW11,Digel et al. (2014),Germany,10.4,51.1,terrestrial belowground,Biodiversity Exploratory soil food webs,-999,-999,early summer 2008 + 2011,2008,2011,NA,7.866031746,Soil
HEW12,Digel et al. (2014),Germany,10.46,51.1,terrestrial belowground,Biodiversity Exploratory soil food webs,-999,-999,early summer 2008 + 2011,2008,2011,NA,8.378157895,Soil
HEW13,Digel et al. (2014),Germany,10.31,51.24,terrestrial belowground,Biodiversity Exploratory soil food webs,-999,-999,early summer 2008 + 2011,2008,2011,NA,8.308860759,Soil
HEW16,Digel et al. (2014),Germany,10.37,51.18,terrestrial belowground,Biodiversity Exploratory soil food webs,-999,-999,early summer 2008 + 2011,2008,2011,NA,8.805285714,Soil
HEW17,Digel et al. (2014),Germany,10.23,51.28,terrestrial belowground,Biodiversity Exploratory soil food webs,-999,-999,early summer 2008 + 2011,2008,2011,NA,8.242957746,Soil
HEW21,Digel et al. (2014),Germany,10.32,51.19,terrestrial belowground,Biodiversity Exploratory soil food webs,-999,-999,early summer 2008 + 2011,2008,2011,NA,8.814133333,Soil
HEW22,Digel et al. (2014),Germany,10.36,51.34,terrestrial belowground,Biodiversity Exploratory soil food webs,-999,-999,early summer 2008 + 2011,2008,2011,NA,8.686323529,Soil
HEW36,Digel et al. (2014),Germany,10.41,51.11,terrestrial belowground,Biodiversity Exploratory soil food webs,-999,-999,early summer 2008 + 2011,2008,2011,NA,8.446811594,Soil
HEW47,Digel et al. (2014),Germany,10.38,51.18,terrestrial belowground,Biodiversity Exploratory soil food webs,-999,-999,early summer 2008 + 2011,2008,2011,NA,8.967164179,Soil
SEW01,Digel et al. (2014),Germany,13.85,52.9,terrestrial belowground,Biodiversity Exploratory soil food webs,-999,-999,early summer 2008 + 2011,2008,2011,NA,9.4845,Soil
SEW02,Digel et al. (2014),Germany,13.78,52.95,terrestrial belowground,Biodiversity Exploratory soil food webs,-999,-999,early summer 2008 + 2011,2008,2011,NA,8.662142857,Soil
SEW03,Digel et al. (2014),Germany,13.64,52.92,terrestrial belowground,Biodiversity Exploratory soil food webs,-999,-999,early summer 2008 + 2011,2008,2011,NA,9.212884615,Soil
SEW04,Digel et al. (2014),Germany,13.85,52.92,terrestrial belowground,Biodiversity Exploratory soil food webs,-999,-999,early summer 2008 + 2011,2008,2011,NA,8.976615385,Soil
SEW05,Digel et al. (2014),Germany,13.89,53.06,terrestrial belowground,Biodiversity Exploratory soil food webs,-999,-999,early summer 2008 + 2011,2008,2011,NA,10.80631579,Soil
SEW06,Digel et al. (2014),Germany,13.84,52.91,terrestrial belowground,Biodiversity Exploratory soil food webs,-999,-999,early summer 2008 + 2011,2008,2011,NA,10.85970588,Soil
SEW07,Digel et al. (2014),Germany,13.69,53.11,terrestrial belowground,Biodiversity Exploratory soil food webs,-999,-999,early summer 2008 + 2011,2008,2011,NA,9.296923077,Soil
SEW08,Digel et al. (2014),Germany,13.93,53.19,terrestrial belowground,Biodiversity Exploratory soil food webs,-999,-999,early summer 2008 + 2011,2008,2011,NA,9.087666667,Soil
SEW09,Digel et al. (2014),Germany,13.81,53.04,terrestrial belowground,Biodiversity Exploratory soil food webs,-999,-999,early summer 2008 + 2011,2008,2011,NA,9.095666667,Soil
SEW18,Digel et al. (2014),Germany,13.92,52.86,terrestrial belowground,Biodiversity Exploratory soil food webs,-999,-999,early summer 2008 + 2011,2008,2011,NA,9.632,Soil
SEW35,Digel et al. (2014),Germany,13.85,52.91,terrestrial belowground,Biodiversity Exploratory soil food webs,-999,-999,early summer 2008 + 2011,2008,2011,NA,9.902,Soil
SEW36,Digel et al. (2014),Germany,13.75,52.95,terrestrial belowground,Biodiversity Exploratory soil food webs,-999,-999,early summer 2008 + 2011,2008,2011,NA,8.330227273,Soil
SEW37,Digel et al. (2014),Germany,13.78,52.94,terrestrial belowground,Biodiversity Exploratory soil food webs,-999,-999,early summer 2008 + 2011,2008,2011,NA,9.719245283,Soil
SEW41,Digel et al. (2014),Germany,13.91,52.91,terrestrial belowground,Biodiversity Exploratory soil food webs,-999,-999,early summer 2008 + 2011,2008,2011,NA,11.06315789,Soil
SEW43,Digel et al. (2014),Germany,13.93,52.9,terrestrial belowground,Biodiversity Exploratory soil food webs,-999,-999,early summer 2008 + 2011,2008,2011,NA,9.547,Soil
SEW48,Digel et al. (2014),Germany,13.84,53.05,terrestrial belowground,Biodiversity Exploratory soil food webs,-999,-999,early summer 2008 + 2011,2008,2011,NA,9.407272727,Soil
