"species","movement_type","bodymass","metabolic_type","biomass"
"Achipteria coleoptrata","walking",5e-05,"invertebrate",0.0382
"Lithobius sp.","walking",0.00359344,"invertebrate",0.03952784
"Plectophoreus fischeri","walking",0.000326196,"invertebrate",0.005219136
"Lithobius curtipes l","walking",0.002886338,"invertebrate",0.092362816
"Acrotrichis sp.","walking",0.000456894,"invertebrate",0.007310304
"Schendyla nemorensis","walking",0.005111424,"invertebrate",1.22674176
"Athous subfuscus juv m","walking",0.000471002,"invertebrate",0.015072064
"Habrocerus capillaricornis","walking",0.001056938,"invertebrate",0.02113876
"Othius sp. juv m","walking",0.002792224,"invertebrate",0.044675584
"Diplocephalus picinus","walking",0.001612679,"invertebrate",0.001612679
"Linyphiidae juv","walking",0.000519895,"invertebrate",0.01871622
"Microneta viaria","walking",0.001863227,"invertebrate",0.005589681
"Neobisium carcinoides","walking",0.001549189,"invertebrate",0.049574048
"Neobisium sp.","walking",0.001603525,"invertebrate",0.2822204
"Phalangiidae sp. juv","walking",0.005966949,"invertebrate",0.053702541
"Robertus lividus","walking",0.008396656,"invertebrate",0.268692992
"Tapinocyba insecta","walking",0.001163738,"invertebrate",0.002327476
"Campodea sp. m","walking",0.000717334,"invertebrate",0.011477344
"Diplostyla concolor","walking",0.001495787,"invertebrate",0.025428379
"Lathrobium brunnipes","walking",0.009805234,"invertebrate",0.313767488
"Mycetoporus sp.","walking",0.001387129,"invertebrate",0.044388128
"Clubionidae juv","walking",0.003435355,"invertebrate",0.003435355
"Staphylinidae spec","walking",0.004003596,"invertebrate",0.016014384
"Geophilomorpha sp.","walking",0.006669259,"invertebrate",0.06669259
"Ceratinella brevis","walking",0.001816109,"invertebrate",0.001816109
"Theridiidae sp. juv","walking",0.003831577,"invertebrate",0.007663154
"Liocranidae sp. juv","walking",0.002874279,"invertebrate",0.002874279
"Philodromus dispar","walking",0.013387849,"invertebrate",0.013387849
"Adoristes ovatus","walking",6.44e-05,"invertebrate",0.0492016
"Agriotes aterrimus juv","walking",0.003631715,"invertebrate",0.11621488
"Pterostichus chamaeleon juv","walking",0.081408931,"invertebrate",1.302542896
"Pterostichus sp.","walking",0.14115915,"invertebrate",0.14115915
"Carabidae sp.","walking",0.065971077,"invertebrate",0.065971077
"Molops piceus","walking",0.110875648,"invertebrate",0.110875648
"Haplodrassus silvstris","walking",0.046070603,"invertebrate",0.046070603
"algae","sessile",-999,"primary producer",NA
"Sminthurinus aureus","walking",5.1e-06,"invertebrate",0.0013005
"Brachychthoniidae spp.","walking",7.11e-06,"invertebrate",0.20447649
"Oribatella calcarata","walking",6.23e-05,"invertebrate",0.0317107
"Sphaeridia pumilis","walking",1.52e-05,"invertebrate",0.003876
"omnivorous nematodes","walking",6.02e-05,"invertebrate",NA
"Enchytraeidae","walking",-999,"invertebrate",NA
"Carabodes coriaceus","walking",8.06e-05,"invertebrate",0.020553
"Carabodes ornatus","walking",7.15e-05,"invertebrate",0.0910195
"amoebae","other",2.8e-08,"invertebrate",NA
"Isotomiella minor","walking",3.27e-06,"invertebrate",0.05159733
"Megalothorax minimus","walking",1.52e-05,"invertebrate",0.0618944
"Parisotoma notabilis","walking",2.41e-06,"invertebrate",0.01165476
"predacious nematodes","walking",3.56e-06,"invertebrate",NA
"Lumbricus rubellus xxl","walking",0.921851852,"invertebrate",3.687407408
"Lumbricus rubellus juv xxl","walking",0.32269697,"invertebrate",1.29078788
"Xenylla grisea","walking",3.52e-06,"invertebrate",0.0008976
"Athous sp. juv","walking",0.000875669,"invertebrate",0.014010704
"Athous zebei juv m","walking",0.004052368,"invertebrate",0.129675776
"bacteria","other",9.5e-16,"heterotrophic bacteria",NA
"Micraphorura absoloni","walking",3.88e-06,"invertebrate",0.00394984
"Eniochthonius minutissimus","walking",2.06e-05,"invertebrate",0.005253
"Nanhermannia nana","walking",6.37e-05,"invertebrate",0.0972699
"Protaphorura sp.","walking",8.73e-06,"invertebrate",0.01555686
"bacterivorous nematodes","walking",8.52e-07,"invertebrate",NA
"flagellates","other",3.63e-07,"invertebrate",NA
"ciliates","other",2.63e-09,"invertebrate",NA
"Julidae sp.","walking",0.00617,"invertebrate",0.00617
"Trichoniscus sp.","walking",0.001742812,"invertebrate",0.001742812
"Mesaphorura sp.","walking",1.46e-05,"invertebrate",0.0966228
"Micranurida pygmaea","walking",5.04e-06,"invertebrate",0.01026144
"Paratullbergia callipygos","walking",1.46e-05,"invertebrate",0.0185858
"Vulgarogamasus sp. juv","walking",5.1e-05,"invertebrate",0.02601
"Leioseius bicolor","walking",8.3e-06,"invertebrate",0.0359805
"Pergamasinae juv xs","walking",6.46e-06,"invertebrate",0.0082365
"Pergamasus sp. juv s","walking",5.64e-05,"invertebrate",0.014382
"Trachytes aegrota juv xs","walking",3.57e-06,"invertebrate",0.00455175
"Urodiaspis tecta juv","walking",2.28e-05,"invertebrate",0.011628
"Uropoda minima","walking",1.34e-05,"invertebrate",0.003417
"Veigaia nemorensis","walking",4.83e-05,"invertebrate",0.024633
"Veigaia nemorensis juv","walking",1.79e-05,"invertebrate",0.054774
"Oribatida sp. juv","walking",7.36e-07,"invertebrate",0.019855072
"Microppia minus","walking",3.83e-06,"invertebrate",0.03411764
"Nothrus silvestris","walking",8.43e-05,"invertebrate",0.3432696
"Oppiella nova","walking",8.99e-06,"invertebrate",0.1624493
"Eviphis sp. juv","walking",1.09e-05,"invertebrate",0.0027795
"Geholaspis longispinosus juv","walking",3.95e-05,"invertebrate",0.0100725
"Geholaspis longispinosus","walking",0.000112778,"invertebrate",0.02875839
"Lysigamasus sp.","walking",2.47e-05,"invertebrate",0.025194
"Rhodacarus coronatus","walking",1.2e-05,"invertebrate",0.00918
"Urodiaspis tecta","walking",4.98e-05,"invertebrate",0.012699
"Berniniella sigma","walking",4.35e-06,"invertebrate",0.00221415
"Oppiella propinqua","walking",1.08e-05,"invertebrate",0.0137484
"Suctobelbella sp.","walking",6.17e-06,"invertebrate",0.16958862
"Neanura muscorum","walking",1.26e-05,"invertebrate",0.003213
"Parasitidae juv s","walking",2.7e-05,"invertebrate",0.006885
"Chamobates voigtsi","walking",1.17e-05,"invertebrate",0.0059553
"Coleoptera sp.","walking",0.001535648,"invertebrate",0.00767824
"dead organic matter","sessile",-999,"dead organic material",NA
"Metabelba pulverosa","walking",3.53e-05,"invertebrate",0.0449369
"Phthiracarus compressus","walking",0.000123863,"invertebrate",0.031585065
"Phthiracarus lentulus","walking",0.000228193,"invertebrate",0.116150237
"Phthiracarus longulus","walking",6.8e-05,"invertebrate",0.01734
"Platynothrus peltifer","walking",0.000111057,"invertebrate",0.056528013
"Porobelba spinosa","walking",1.49e-05,"invertebrate",0.0113836
"Quadroppia quadricarinata","walking",4.77e-06,"invertebrate",0.00121635
"Scheloribates laevigatus","walking",6.58e-05,"invertebrate",0.016779
"saphrophytes","other",-999,"heterotrophic fungi",NA
"Phthiracarus laevigatus","walking",0.000367071,"invertebrate",0.093603105
"Rhysotritia duplicata","walking",0.000173747,"invertebrate",0.044305485
"Elateridae sp1 juv l","walking",0.01092301,"invertebrate",0.04369204
"Linyphiidae cf Erigoniinae juv m","walking",0.000220271,"invertebrate",0.024670352
"Folsomia quadrioculata","walking",5.41e-06,"invertebrate",0.06471442
"fungivorous nematodes","walking",5.35e-07,"invertebrate",NA
"leaf litter","sessile",-999,"dead organic material",NA
"Tomocerus vulgaris","walking",1.46e-05,"invertebrate",0.003723
"Lepidocyrtus sp. juv","walking",8.99e-06,"invertebrate",0.00229245
"Microtritia minima","walking",2.74e-05,"invertebrate",0.1255194
"mykorrhiza","other",-999,"heterotrophic fungi",NA
"Scheloribates initialis","walking",4.24e-05,"invertebrate",0.0539752
"Ptiliidae sp.","walking",0.001136191,"invertebrate",0.004544764
"plants","sessile",-999,"primary producer",NA
"root exudates","sessile",-999,"primary producer",NA
"root feeding nematodes","walking",2.35e-07,"invertebrate",NA
"roots","sessile",-999,"primary producer",NA
