"species","movement_type","bodymass","metabolic_type","biomass"
"Achipteria coleoptrata","walking",5e-05,"invertebrate",0.0382
"Lithobius muticus","walking",0.003677257,"invertebrate",0.117672224
"Lithobius cf aulacopus juv","walking",0.003646738,"invertebrate",0.058347808
"Lithobius mutabilis","walking",0.004660424,"invertebrate",0.074566784
"Lithobius cf mutabilis juv","walking",0.001784674,"invertebrate",0.028554784
"Lithobius sp. juv m","walking",0.000467176,"invertebrate",0.007474816
"Lithobius sp.","walking",0.00359344,"invertebrate",0.06827536
"Geophilus ribauti","walking",0.004253993,"invertebrate",0.272255552
"Scydmaenidae sp2","walking",0.000550589,"invertebrate",0.017618848
"Lithobius curtipes l","walking",0.002886338,"invertebrate",0.046181408
"Lithobius sp3 m","walking",0.000204057,"invertebrate",0.003264912
"Agelenidae sp. juv","walking",0.009143081,"invertebrate",0.009143081
"Geophilus insculptus","walking",0.005906476,"invertebrate",0.661525312
"Geophilus electricus","walking",0.00996843,"invertebrate",0.63797952
"Schendyla nemorensis","walking",0.005111424,"invertebrate",0.081782784
"Strigamia acuminata","walking",0.006997365,"invertebrate",0.062976285
"Amaurobius sp. juv","walking",0.012068147,"invertebrate",0.313771822
"Carabidae sp. juv","walking",0.623319917,"invertebrate",0.623319917
"Cychrus attenuatus","walking",0.51825924,"invertebrate",0.51825924
"Geophilomorpha sp.","walking",0.006669259,"invertebrate",0.013338518
"Harpactea lepida large","walking",0.014693674,"invertebrate",0.088162044
"Histopona torpida","walking",0.030705366,"invertebrate",0.030705366
"Agriotes sp. juv","walking",0.001333964,"invertebrate",0.021343424
"Malthodes sp. juv","walking",0.004000437,"invertebrate",0.064006992
"Othius sp. juv m","walking",0.002792224,"invertebrate",0.044675584
"Coelotes sp. juv l","walking",0.003123892,"invertebrate",0.049982272
"Diplocephalus picinus","walking",0.001612679,"invertebrate",0.003225358
"Harpactea lepida juv small","walking",0.002996785,"invertebrate",0.04794856
"Micrargus herbigradus","walking",0.001961535,"invertebrate",0.01961535
"Neobisium carcinoides","walking",0.001549189,"invertebrate",0.024787024
"Neobisium sp.","walking",0.001603525,"invertebrate",0.00320705
"Robertus lividus","walking",0.008396656,"invertebrate",0.142743152
"Clubionidae juv","walking",0.003435355,"invertebrate",0.010306065
"Campodea sp. l","walking",0.002292383,"invertebrate",0.55017192
"Staphylinidae spec","walking",0.004003596,"invertebrate",0.004003596
"Harpactea lepida juv large","walking",0.004962887,"invertebrate",0.089331966
"Walckenaeria furcillata","walking",0.005864909,"invertebrate",0.005864909
"Euophrys frontalis","walking",0.00313298,"invertebrate",0.00313298
"Theridiidae sp. juv","walking",0.003831577,"invertebrate",0.007663154
"Donacochara speciosa","walking",0.004422659,"invertebrate",0.004422659
"Gonatium rubens","walking",0.003308776,"invertebrate",0.003308776
"algae","sessile",-999,"primary producer",NA
"Arrhopalites pygmaeus","walking",5.1e-06,"invertebrate",0.0013005
"Lipothrix lubbocki","walking",1.11e-05,"invertebrate",0.0028305
"Scolopendrella cf subnuda s","walking",2.33e-05,"invertebrate",0.0033552
"Brachychthoniidae spp.","walking",7.11e-06,"invertebrate",0.02714598
"Eulohmannia ribagai","walking",8.7e-05,"invertebrate",0.022185
"omnivorous nematodes","walking",6.02e-05,"invertebrate",NA
"Enchytraeidae","walking",-999,"invertebrate",NA
"Scutigerella immaculata s","walking",7.15e-05,"invertebrate",0.002288
"Arion silvaticus","walking",0.192352467,"invertebrate",0.577057401
"Arion intermedicus","walking",0.24906,"invertebrate",0.24906
"Allaiulus nitidus juv l","walking",0.001395388,"invertebrate",0.044652416
"Allaiulus nitidus xxl","walking",0.031924658,"invertebrate",4.086356224
"Allosuctobelba grandis","walking",3.25e-05,"invertebrate",0.0082875
"Amerus polonicus","walking",0.00021374,"invertebrate",0.0545037
"amoebae","other",2.8e-08,"invertebrate",NA
"Ceratophysella denticulata","walking",5.96e-06,"invertebrate",0.00455344
"Hypogastrura purpurescens","walking",8.45e-06,"invertebrate",0.0064558
"Isotomiella minor","walking",3.27e-06,"invertebrate",0.00749157
"Megalothorax minimus","walking",1.52e-05,"invertebrate",0.0232104
"Parisotoma notabilis","walking",2.41e-06,"invertebrate",0.01472028
"Willemia anophthalma","walking",1.46e-05,"invertebrate",0.078037
"Aporrectodea caliginosa","walking",0.607275641,"invertebrate",2.429102564
"Aporrectodea rosea","walking",0.219642857,"invertebrate",3.514285712
"Aporrectodea rosea juv","walking",0.085811429,"invertebrate",5.14868574
"Dendrobaena octaedra","walking",0.146111111,"invertebrate",0.584444444
"Dendrobaena pygmaea","walking",0.04,"invertebrate",0.16
"predacious nematodes","walking",3.56e-06,"invertebrate",NA
"Octolasion tyrtaeum juv xxl","walking",0.378272222,"invertebrate",1.513088888
"Araneidae sp. juv","walking",0.001240502,"invertebrate",0.001240502
"Lehmannia marginata","walking",0.436485,"invertebrate",0.436485
"Athous subfuscus juv m","walking",0.000471002,"invertebrate",0.015072064
"Hahnia pusilla juv","walking",0.000174151,"invertebrate",0.011145664
"Lysigamasus sp. juv","walking",2.42e-05,"invertebrate",0.006171
"Pergamasinae male","walking",9.62e-05,"invertebrate",0.0489658
"Prozercon fimbriatus","walking",6.12e-06,"invertebrate",0.04049604
"Uroseius cylindricus","walking",4.03e-05,"invertebrate",0.0615381
"Uroseius cylindricus juv","walking",2.39e-05,"invertebrate",0.0060945
"Veigaia cerva","walking",8.03e-05,"invertebrate",0.0204765
"Veigaia exigua","walking",1.59e-05,"invertebrate",0.0080931
"Veigaia exigua juv","walking",8.43e-06,"invertebrate",0.00214965
"Veigaia nemorensis","walking",4.83e-05,"invertebrate",0.1106553
"Veigaia nemorensis juv","walking",1.79e-05,"invertebrate",0.0182222
"Zercon cf gurensis","walking",1.22e-05,"invertebrate",0.003111
"Zercon sp. juv","walking",7.12e-06,"invertebrate",0.00362408
"Habrocerus capillaricornis","walking",0.001056938,"invertebrate",0.009512442
"Hahnia pusilla","walking",0.001021355,"invertebrate",0.009192195
"Linyphiidae juv","walking",0.000519895,"invertebrate",0.035872755
"Saloca diceros","walking",0.001156146,"invertebrate",0.001156146
"Tapinocyba insecta","walking",0.001163738,"invertebrate",0.001163738
"Athous vittatus juv","walking",0.007401825,"invertebrate",0.1184292
"Atropacarus striculus","walking",2.49e-05,"invertebrate",0.0443718
"bacteria","other",9.5e-16,"heterotrophic bacteria",NA
"Eniochthonius minutissimus","walking",2.06e-05,"invertebrate",0.2516496
"Nanhermannia nana","walking",6.37e-05,"invertebrate",0.1135134
"Oribatula tibialis","walking",3.63e-05,"invertebrate",0.0369534
"Ligidium hypnorum","walking",0.005681208,"invertebrate",0.017043624
"Tachypodoiulus niger","walking",0.063822,"invertebrate",0.063822
"bacterivorous nematodes","walking",8.52e-07,"invertebrate",NA
"flagellates","other",3.63e-07,"invertebrate",NA
"ciliates","other",2.63e-09,"invertebrate",NA
"Julidae sp.","walking",0.00617,"invertebrate",0.04319
"Trichoniscus pusillus l","walking",0.001396168,"invertebrate",0.022338688
"Cylisticus sp.","walking",0.003154401,"invertebrate",0.025235208
"Trichoniscus sp.","walking",0.001742812,"invertebrate",0.048798736
"Philoscia muscorum","walking",0.00320492,"invertebrate",0.00320492
"Porcellio sp.","walking",0.004806301,"invertebrate",0.004806301
"Porcellio conspersum","walking",0.004025013,"invertebrate",0.008050026
"Mesaphorura sp.","walking",1.46e-05,"invertebrate",0.007446
"Metaphorura affinis","walking",1.46e-05,"invertebrate",0.003723
"Paratullbergia callipygos","walking",1.46e-05,"invertebrate",0.003723
"Epicrius sp. juv","walking",3.7e-06,"invertebrate",0.0009435
"Geholaspis mandibularis","walking",7.64e-05,"invertebrate",0.019482
"Pachylaelaps regularis","walking",2.81e-05,"invertebrate",0.0214684
"Parasitidae juv xs","walking",4.91e-06,"invertebrate",0.00249919
"Prozercon fimbriatus juv","walking",3.51e-06,"invertebrate",0.00357318
"Trachytes aegrota","walking",3.7e-05,"invertebrate",0.037666
"Trachytes aegrota juv xs","walking",3.57e-06,"invertebrate",0.00181713
"Trachytes pauperior juv","walking",1.16e-05,"invertebrate",0.002958
"Uropoda cassidea","walking",8.54e-05,"invertebrate",0.021777
"Uropoda cassidea juv","walking",3.95e-05,"invertebrate",0.030178
"Uropoda minima","walking",1.34e-05,"invertebrate",0.0170582
"Berniniella bicarinata","walking",9.2e-06,"invertebrate",0.0117116
"Hypochthonius luteus","walking",1.67e-05,"invertebrate",0.0042585
"Hypochthonius rufulus","walking",2.51e-05,"invertebrate",0.0447282
"Oribatida sp. juv","walking",7.36e-07,"invertebrate",0.037837024
"Microppia minus","walking",3.83e-06,"invertebrate",0.00097665
"Neotrichoppia confinis","walking",9.85e-06,"invertebrate",0.1103003
"Nothrus silvestris","walking",8.43e-05,"invertebrate",0.0644052
"Oppiella falcata","walking",6.68e-06,"invertebrate",0.06120216
"Oppiella nova","walking",8.99e-06,"invertebrate",0.00229245
"Oppiella subpectinata","walking",1.52e-05,"invertebrate",0.081244
"Oppiella marginedentata","walking",5.68e-06,"invertebrate",0.01156448
"Oppiella obsoleta","walking",1.58e-05,"invertebrate",0.0120712
"Suctobelba altvateri","walking",8.99e-06,"invertebrate",0.00229245
"Suctobelbella sp.","walking",6.17e-06,"invertebrate",0.04710795
"Trachytes pauperior s","walking",1.92e-05,"invertebrate",0.004896
"Chamobates cuspidatus","walking",1.55e-05,"invertebrate",0.015779
"Chamobates voigtsi","walking",1.17e-05,"invertebrate",0.0119106
"Cochlodina laminata","walking",0.201619125,"invertebrate",0.201619125
"Damaeus riparius","walking",0.000216929,"invertebrate",0.220833722
"dead organic matter","sessile",-999,"dead organic material",NA
"Nargus anisotomoides","walking",0.001385543,"invertebrate",0.044337376
"Fosseremus laciniatus","walking",7.22e-06,"invertebrate",0.03124094
"Phthiracarus compressus","walking",0.000123863,"invertebrate",0.189138801
"Quadroppia monstruosa","walking",3.47e-06,"invertebrate",0.00441731
"Quadroppia quadricarinata","walking",4.77e-06,"invertebrate",0.01821186
"Tectocepheus minor","walking",9.85e-06,"invertebrate",0.0100273
"Tectocepheus velatus alatus","walking",1.35e-05,"invertebrate",0.0034425
"saphrophytes","other",-999,"heterotrophic fungi",NA
"Folsomia quadrioculata","walking",5.41e-06,"invertebrate",0.13217712
"Folsomia spinosa","walking",5.41e-06,"invertebrate",0.00550738
"fungivorous nematodes","walking",5.35e-07,"invertebrate",NA
"Glomeris sp.","walking",0.30054,"invertebrate",0.60108
"Lamprohiza splendidula juv","walking",0.000513793,"invertebrate",0.008220688
"leaf litter","sessile",-999,"dead organic material",NA
"Lepidocyrtus lanuginosus","walking",8.99e-06,"invertebrate",0.00457591
"Pseudosinella immaculata","walking",1.12e-05,"invertebrate",0.002856
"Monachoides incarnatus","walking",0.125012001,"invertebrate",0.125012001
"Limacidae sp.","walking",0.184894,"invertebrate",0.184894
"mykorrhiza","other",-999,"heterotrophic fungi",NA
"Steganacarus magnus","walking",0.0004634,"invertebrate",0.118167
"Nitidulidae sp.","walking",0.000827099,"invertebrate",0.000827099
"plants","sessile",-999,"primary producer",NA
"root exudates","sessile",-999,"primary producer",NA
"root feeding nematodes","walking",2.35e-07,"invertebrate",NA
"roots","sessile",-999,"primary producer",NA
