FW_name,link.citation,geographic.location,lat,lon,ecosystem.type,study.site,altitude,depth,sampling.time,sampling.start.year,sampling.end.year,notes,temperature
AEW01,Digel et al. (2014),Germany,48.48,9.33,Soils,Biodiversity Exploratory soil food webs,-999,-999,early summer 2008 + 2011,2008,2011,NA,8.239375
AEW02,Digel et al. (2014),Germany,48.38,9.35,Soils,Biodiversity Exploratory soil food webs,-999,-999,early summer 2008 + 2011,2008,2011,NA,8.35641791
AEW04,Digel et al. (2014),Germany,48.4,9.24,Soils,Biodiversity Exploratory soil food webs,-999,-999,early summer 2008 + 2011,2008,2011,NA,8.20078125
AEW05,Digel et al. (2014),Germany,48.42,9.41,Soils,Biodiversity Exploratory soil food webs,-999,-999,early summer 2008 + 2011,2008,2011,NA,8.919846154
AEW07,Digel et al. (2014),Germany,48.4,9.26,Soils,Biodiversity Exploratory soil food webs,-999,-999,early summer 2008 + 2011,2008,2011,NA,6.412682927
AEW08,Digel et al. (2014),Germany,48.38,9.38,Soils,Biodiversity Exploratory soil food webs,-999,-999,early summer 2008 + 2011,2008,2011,NA,8.659253731
AEW09,Digel et al. (2014),Germany,48.37,9.42,Soils,Biodiversity Exploratory soil food webs,-999,-999,early summer 2008 + 2011,2008,2011,NA,8.616461538
AEW17,Digel et al. (2014),Germany,48.4,9.24,Soils,Biodiversity Exploratory soil food webs,-999,-999,early summer 2008 + 2011,2008,2011,NA,8.066911765
AEW18,Digel et al. (2014),Germany,48.37,9.23,Soils,Biodiversity Exploratory soil food webs,-999,-999,early summer 2008 + 2011,2008,2011,NA,8.851641791
AEW25,Digel et al. (2014),Germany,48.48,9.42,Soils,Biodiversity Exploratory soil food webs,-999,-999,early summer 2008 + 2011,2008,2011,NA,8.954545455
AEW27,Digel et al. (2014),Germany,48.4,9.47,Soils,Biodiversity Exploratory soil food webs,-999,-999,early summer 2008 + 2011,2008,2011,NA,8.45953125
AEW30,Digel et al. (2014),Germany,48.37,9.37,Soils,Biodiversity Exploratory soil food webs,-999,-999,early summer 2008 + 2011,2008,2011,NA,7.325434783
AEW49,Digel et al. (2014),Germany,48.45,9.48,Soils,Biodiversity Exploratory soil food webs,-999,-999,early summer 2008 + 2011,2008,2011,NA,9.649047619
HEW01,Digel et al. (2014),Germany,51.19,10.32,Soils,Biodiversity Exploratory soil food webs,-999,-999,early summer 2008 + 2011,2008,2011,NA,8.199733333
HEW02,Digel et al. (2014),Germany,51.21,10.37,Soils,Biodiversity Exploratory soil food webs,-999,-999,early summer 2008 + 2011,2008,2011,NA,8.804931507
HEW03,Digel et al. (2014),Germany,51.27,10.31,Soils,Biodiversity Exploratory soil food webs,-999,-999,early summer 2008 + 2011,2008,2011,NA,8.509594595
HEW04,Digel et al. (2014),Germany,51.37,10.53,Soils,Biodiversity Exploratory soil food webs,-999,-999,early summer 2008 + 2011,2008,2011,NA,8.360405405
HEW05,Digel et al. (2014),Germany,51.26,10.24,Soils,Biodiversity Exploratory soil food webs,-999,-999,early summer 2008 + 2011,2008,2011,NA,8.825949367
HEW06,Digel et al. (2014),Germany,51.27,10.24,Soils,Biodiversity Exploratory soil food webs,-999,-999,early summer 2008 + 2011,2008,2011,NA,8.565333333
HEW10,Digel et al. (2014),Germany,51.09,10.46,Soils,Biodiversity Exploratory soil food webs,-999,-999,early summer 2008 + 2011,2008,2011,NA,8.455609756
HEW11,Digel et al. (2014),Germany,51.1,10.4,Soils,Biodiversity Exploratory soil food webs,-999,-999,early summer 2008 + 2011,2008,2011,NA,7.866031746
HEW12,Digel et al. (2014),Germany,51.1,10.46,Soils,Biodiversity Exploratory soil food webs,-999,-999,early summer 2008 + 2011,2008,2011,NA,8.378157895
HEW13,Digel et al. (2014),Germany,51.24,10.31,Soils,Biodiversity Exploratory soil food webs,-999,-999,early summer 2008 + 2011,2008,2011,NA,8.308860759
HEW16,Digel et al. (2014),Germany,51.18,10.37,Soils,Biodiversity Exploratory soil food webs,-999,-999,early summer 2008 + 2011,2008,2011,NA,8.805285714
HEW17,Digel et al. (2014),Germany,51.28,10.23,Soils,Biodiversity Exploratory soil food webs,-999,-999,early summer 2008 + 2011,2008,2011,NA,8.242957746
HEW21,Digel et al. (2014),Germany,51.19,10.32,Soils,Biodiversity Exploratory soil food webs,-999,-999,early summer 2008 + 2011,2008,2011,NA,8.814133333
HEW22,Digel et al. (2014),Germany,51.34,10.36,Soils,Biodiversity Exploratory soil food webs,-999,-999,early summer 2008 + 2011,2008,2011,NA,8.686323529
HEW36,Digel et al. (2014),Germany,51.11,10.41,Soils,Biodiversity Exploratory soil food webs,-999,-999,early summer 2008 + 2011,2008,2011,NA,8.446811594
HEW47,Digel et al. (2014),Germany,51.18,10.38,Soils,Biodiversity Exploratory soil food webs,-999,-999,early summer 2008 + 2011,2008,2011,NA,8.967164179
SEW01,Digel et al. (2014),Germany,52.9,13.85,Soils,Biodiversity Exploratory soil food webs,-999,-999,early summer 2008 + 2011,2008,2011,NA,9.4845
SEW02,Digel et al. (2014),Germany,52.95,13.78,Soils,Biodiversity Exploratory soil food webs,-999,-999,early summer 2008 + 2011,2008,2011,NA,8.662142857
SEW03,Digel et al. (2014),Germany,52.92,13.64,Soils,Biodiversity Exploratory soil food webs,-999,-999,early summer 2008 + 2011,2008,2011,NA,9.212884615
SEW04,Digel et al. (2014),Germany,52.92,13.85,Soils,Biodiversity Exploratory soil food webs,-999,-999,early summer 2008 + 2011,2008,2011,NA,8.976615385
SEW05,Digel et al. (2014),Germany,53.06,13.89,Soils,Biodiversity Exploratory soil food webs,-999,-999,early summer 2008 + 2011,2008,2011,NA,10.80631579
SEW06,Digel et al. (2014),Germany,52.91,13.84,Soils,Biodiversity Exploratory soil food webs,-999,-999,early summer 2008 + 2011,2008,2011,NA,10.85970588
SEW07,Digel et al. (2014),Germany,53.11,13.69,Soils,Biodiversity Exploratory soil food webs,-999,-999,early summer 2008 + 2011,2008,2011,NA,9.296923077
SEW08,Digel et al. (2014),Germany,53.19,13.93,Soils,Biodiversity Exploratory soil food webs,-999,-999,early summer 2008 + 2011,2008,2011,NA,9.087666667
SEW09,Digel et al. (2014),Germany,53.04,13.81,Soils,Biodiversity Exploratory soil food webs,-999,-999,early summer 2008 + 2011,2008,2011,NA,9.095666667
SEW18,Digel et al. (2014),Germany,52.86,13.92,Soils,Biodiversity Exploratory soil food webs,-999,-999,early summer 2008 + 2011,2008,2011,NA,9.632
SEW35,Digel et al. (2014),Germany,52.91,13.85,Soils,Biodiversity Exploratory soil food webs,-999,-999,early summer 2008 + 2011,2008,2011,NA,9.902
SEW36,Digel et al. (2014),Germany,52.95,13.75,Soils,Biodiversity Exploratory soil food webs,-999,-999,early summer 2008 + 2011,2008,2011,NA,8.330227273
SEW37,Digel et al. (2014),Germany,52.94,13.78,Soils,Biodiversity Exploratory soil food webs,-999,-999,early summer 2008 + 2011,2008,2011,NA,9.719245283
SEW41,Digel et al. (2014),Germany,52.91,13.91,Soils,Biodiversity Exploratory soil food webs,-999,-999,early summer 2008 + 2011,2008,2011,NA,11.06315789
SEW43,Digel et al. (2014),Germany,52.9,13.93,Soils,Biodiversity Exploratory soil food webs,-999,-999,early summer 2008 + 2011,2008,2011,NA,9.547
SEW48,Digel et al. (2014),Germany,53.05,13.84,Soils,Biodiversity Exploratory soil food webs,-999,-999,early summer 2008 + 2011,2008,2011,NA,9.407272727
