"species","movement_type","bodymass","metabolic_type","biomass"
"Achipteria coleoptrata","walking",5e-05,"invertebrate",0.07635
"Lithobius crassipes","walking",0.003348347,"invertebrate",0.053573552
"Lithobius cf crassipes juv","walking",0.000951286,"invertebrate",0.015220576
"Lithobius sp1 s","walking",4.11e-05,"invertebrate",0.0006576
"Lithobius sp.","walking",0.00359344,"invertebrate",0.06827536
"Geophilus ribauti","walking",0.004253993,"invertebrate",0.068063888
"Lithobius sp2 l","walking",0.000157031,"invertebrate",0.017587472
"algae","sessile",-999,"primary producer",NA
"Arrhopalites pygmaeus","walking",5.1e-06,"invertebrate",0.0013005
"Desoria violacea","walking",8.34e-06,"invertebrate",0.00637176
"Deuterosminthurus pallipes","walking",5.1e-06,"invertebrate",0.0013005
"Scutigerella immaculata xs","walking",4.38e-06,"invertebrate",7.008e-05
"Brachychthoniidae spp.","walking",7.11e-06,"invertebrate",0.00361899
"Eulohmannia ribagai","walking",8.7e-05,"invertebrate",0.022185
"omnivorous nematodes","walking",6.02e-05,"invertebrate",NA
"Enchytraeidae","walking",-999,"invertebrate",NA
"Discus rotundatus","walking",0.007771684,"invertebrate",0.015543368
"Discus rotundatus juv","walking",0.003997226,"invertebrate",0.063955616
"Arion silvaticus","walking",0.192352467,"invertebrate",1.154114802
"Pulmonata sp. juv","walking",0.000232019,"invertebrate",0.000464038
"Arionidae sp.","walking",0.173821667,"invertebrate",0.347643334
"Azeca goodalli","walking",0.010612956,"invertebrate",0.031838868
"Amaurobius sp. juv","walking",0.012068147,"invertebrate",0.084477029
"Lithobius dentatus","walking",0.006537213,"invertebrate",0.104595408
"Geophilus insculptus","walking",0.005906476,"invertebrate",0.189007232
"Strigamia acuminata","walking",0.006997365,"invertebrate",0.29388933
"Trogulus sp. juv","walking",0.012859195,"invertebrate",0.02571839
"Geophilomorpha sp.","walking",0.006669259,"invertebrate",0.046684813
"Harpactea lepida large","walking",0.014693674,"invertebrate",0.044081022
"Eurocoelotes inermis","walking",0.086659497,"invertebrate",0.086659497
"amoebae","other",2.8e-08,"invertebrate",NA
"Ceratophysella denticulata","walking",5.96e-06,"invertebrate",0.01062072
"Isotomiella minor","walking",3.27e-06,"invertebrate",0.00582714
"Megalothorax minimus","walking",1.52e-05,"invertebrate",0.0348232
"Parisotoma notabilis","walking",2.41e-06,"invertebrate",0.00245338
"Aporrectodea caliginosa juv xl","walking",0.267537302,"invertebrate",5.35074604
"Aporrectodea rosea","walking",0.219642857,"invertebrate",1.757142856
"Aporrectodea rosea juv","walking",0.085811429,"invertebrate",5.491931456
"Lumbricus rubellus juv","walking",0.135,"invertebrate",0.54
"Chamobates borealis","walking",1.99e-05,"invertebrate",0.0101291
"predacious nematodes","walking",3.56e-06,"invertebrate",NA
"Aporrectodea caliginosa juv xxxl","walking",0.207777778,"invertebrate",1.662222224
"Octolasion tyrtaeum juv xxl","walking",0.378272222,"invertebrate",9.078533328
"Limax cinereoniger","walking",3.3210975,"invertebrate",3.3210975
"Vulgarogamasus sp. juv","walking",5.1e-05,"invertebrate",0.038964
"Epicrius canestrinii","walking",2.2e-05,"invertebrate",0.022396
"Holoparasitus stramenti","walking",3.12e-05,"invertebrate",0.0158808
"Lysigamasus lapponicus","walking",5.21e-05,"invertebrate",0.0132855
"Pergamasinae juv xs","walking",6.46e-06,"invertebrate",0.00328814
"Prozercon fimbriatus","walking",6.12e-06,"invertebrate",0.00467568
"Uroseius cylindricus juv","walking",2.39e-05,"invertebrate",0.0060945
"Veigaia exigua","walking",1.59e-05,"invertebrate",0.0202407
"Veigaia kochi juv","walking",0.000101558,"invertebrate",0.02589729
"Veigaia nemorensis","walking",4.83e-05,"invertebrate",0.0369012
"Zercon cf gurensis","walking",1.22e-05,"invertebrate",0.0093208
"Athous subfuscus juv l","walking",0.00467099,"invertebrate",0.07473584
"Staphylinidae sp. juv s","walking",0.010186866,"invertebrate",0.132429258
"Phalangiidae sp. juv","walking",0.005966949,"invertebrate",0.011933898
"Robertus lividus","walking",0.008396656,"invertebrate",0.235106368
"Harpactea lepida juv large","walking",0.004962887,"invertebrate",0.064517531
"Atropacarus striculus","walking",2.49e-05,"invertebrate",0.1077423
"bacteria","other",9.5e-16,"heterotrophic bacteria",NA
"Deuteraphorura inermis","walking",8.45e-06,"invertebrate",0.00215475
"Protaphorura armata","walking",8.73e-06,"invertebrate",0.00666972
"Ligidium hypnorum","walking",0.005681208,"invertebrate",0.05681208
"bacterivorous nematodes","walking",8.52e-07,"invertebrate",NA
"flagellates","other",3.63e-07,"invertebrate",NA
"ciliates","other",2.63e-09,"invertebrate",NA
"Julidae sp.","walking",0.00617,"invertebrate",0.01851
"Trichoniscus pusillus m","walking",0.000404192,"invertebrate",0.4850304
"Chordeumatidae juv m","walking",0.001220857,"invertebrate",0.019533712
"Trichoniscus sp.","walking",0.001742812,"invertebrate",0.076683728
"Trachelipus sp.","walking",0.009576654,"invertebrate",0.009576654
"Mesaphorura sp.","walking",1.46e-05,"invertebrate",0.0148628
"Paratullbergia callipygos","walking",1.46e-05,"invertebrate",0.0185858
"Dinychus perforatus juv","walking",4.04e-05,"invertebrate",0.0205636
"Epicrius sp. juv","walking",3.7e-06,"invertebrate",0.0037666
"Geholaspis mandibularis","walking",7.64e-05,"invertebrate",0.019482
"Geholaspis sp. juv","walking",4.74e-05,"invertebrate",0.012087
"Leitneria granulata juv","walking",4.8e-06,"invertebrate",0.001224
"Pachylaelaps longisetosus","walking",6.06e-05,"invertebrate",0.015453
"Trachytes aegrota","walking",3.7e-05,"invertebrate",0.009435
"Trachytes pauperior juv","walking",1.16e-05,"invertebrate",0.0679064
"Uropoda cassidea","walking",8.54e-05,"invertebrate",0.021777
"Uropoda cassidea juv","walking",3.95e-05,"invertebrate",0.0603165
"Uropoda minima juv","walking",7.91e-06,"invertebrate",0.01006943
"Uropodina sp. juv","walking",3.52e-06,"invertebrate",0.0008976
"Dissorhina ornata","walking",1.17e-05,"invertebrate",0.0059553
"Hypochthonius rufulus","walking",2.51e-05,"invertebrate",0.0447282
"Oribatida sp. juv","walking",7.36e-07,"invertebrate",0.007305536
"Microppia minus","walking",3.83e-06,"invertebrate",0.00097665
"Oppiella falcata","walking",6.68e-06,"invertebrate",0.00510352
"Oppiella nova","walking",8.99e-06,"invertebrate",0.01372773
"Oppiella subpectinata","walking",1.52e-05,"invertebrate",0.038684
"Oppiella marginedentata","walking",5.68e-06,"invertebrate",0.01156448
"Oppiella obsoleta","walking",1.58e-05,"invertebrate",0.004029
"Suctobelba altvateri","walking",8.99e-06,"invertebrate",0.02745546
"Suctobelbella sp.","walking",6.17e-06,"invertebrate",0.06124342
"Trachytes aegrota juv s","walking",2.42e-05,"invertebrate",0.0308066
"Trachytes pauperior s","walking",1.92e-05,"invertebrate",0.0097728
"Brachyderinae sp.","walking",0.007247949,"invertebrate",0.007247949
"Linyphiidae juv","walking",0.000519895,"invertebrate",0.04367118
"Ceratozetes gracilis","walking",3.57e-05,"invertebrate",0.1181313
"Chamobates voigtsi","walking",1.17e-05,"invertebrate",0.0238212
"Staphylinidae spec","walking",0.004003596,"invertebrate",0.004003596
"Coleoptera sp.","walking",0.001535648,"invertebrate",0.001535648
"Diplocephalus picinus","walking",0.001612679,"invertebrate",0.003225358
"Harpactea lepida juv small","walking",0.002996785,"invertebrate",0.14384568
"Micrargus herbigradus","walking",0.001961535,"invertebrate",0.001961535
"Walckenaeria cucullata","walking",0.002215063,"invertebrate",0.002215063
"Euophrys frontalis","walking",0.00313298,"invertebrate",0.00626596
"Walckenaeria nudipalpis","walking",0.003178051,"invertebrate",0.003178051
"Curculionidae sp.","walking",0.006092829,"invertebrate",0.006092829
"Damaeus riparius","walking",0.000216929,"invertebrate",0.165733756
"dead organic matter","sessile",-999,"dead organic material",NA
"Nargus anisotomoides","walking",0.001385543,"invertebrate",0.022168688
"Liebstadia similis","walking",5.39e-05,"invertebrate",0.0137445
"Nothrus palustris","walking",0.000187732,"invertebrate",0.143427248
"Phthiracarus compressus","walking",0.000123863,"invertebrate",0.189138801
"Quadroppia quadricarinata","walking",4.77e-06,"invertebrate",0.01578393
"saphrophytes","other",-999,"heterotrophic fungi",NA
"Geostiba circellaris","walking",0.001056938,"invertebrate",0.016911008
"Hahnia pusilla","walking",0.001021355,"invertebrate",0.001021355
"Saloca diceros","walking",0.001156146,"invertebrate",0.003468438
"Elateridae sp.","walking",0.02957777,"invertebrate",0.05915554
"Elateridae sp1 juv l","walking",0.01092301,"invertebrate",0.02184602
"Euconulus fulvus","walking",0.000675792,"invertebrate",0.000675792
"Vitrea diaphana","walking",0.001649759,"invertebrate",0.001649759
"Folsomia quadrioculata","walking",5.41e-06,"invertebrate",0.05920704
"fungivorous nematodes","walking",5.35e-07,"invertebrate",NA
"Glomeris sp.","walking",0.134805,"invertebrate",1.61766
"leaf litter","sessile",-999,"dead organic material",NA
"Lepidocyrtus lanuginosus","walking",8.99e-06,"invertebrate",0.03203137
"Pseudosinella alba","walking",2.7e-06,"invertebrate",0.0034371
"Nesovitrea hammonis","walking",0.002188587,"invertebrate",0.002188587
"Trichia striolata juv","walking",0.020057741,"invertebrate",0.020057741
"Monachoides incarnatus","walking",0.125012001,"invertebrate",0.125012001
"Vitrea diaphana juv","walking",0.000366553,"invertebrate",0.000733106
"mykorrhiza","other",-999,"heterotrophic fungi",NA
"Steganacarus magnus","walking",0.0004634,"invertebrate",0.3540376
"Ptiliidae sp.","walking",0.001136191,"invertebrate",0.001136191
"Otioryhnchinae sp.","walking",0.016718073,"invertebrate",0.016718073
"plants","sessile",-999,"primary producer",NA
"root exudates","sessile",-999,"primary producer",NA
"root feeding nematodes","walking",2.35e-07,"invertebrate",NA
"roots","sessile",-999,"primary producer",NA
