FW_name,FW_name_report.x,Watershed,Agency.Code,County,USGS.Quadrangle,Elevation..m.,Land.Use.Classification,Surface.area..ha.,Watershed.area..ha.,SA.WA,mean.depth..m.,max.depth..m.,volume..m.3.,Shoreline.length..km.,hydraulic.retention.time..years.,no.of.inflows,no.of.outflows,Date,Total.depth..m.,Sample.depth..m.,SO4..mg.l.,CL..mg.l.,F..mg.L.,Total.P..mg.l.,CA..mg.l.,MG..mg.l.,DOC..mg.l.,Chlorophyll.a.ug.l.,Air.Eq.pH..SU.,ANC..uEq.l.,Sp..Conductance..umhos.cm.,temperature_C,mean_DO,ecosystem.type,study_ID,lat,lon,sampling.start.year,sampling.end.year
Alford lake,Alford lake,Lake Champlain (02),P-96,ESSEX (16),SARANAC LAKE (D24B),596,Private land - rural; State land - wild forest,13.8,96.4,0.14,0.5,0.6,79655,1.4,0.103,4,1,16/07/1984,0.7,0.5,6.6,0.58,NA,0.041,2.5,0.62,8,21.71,6.38,40,25,21.85,8.1,Lakes,Adirondack lakes,44.26,-75.03861111,1984,1984
Balsam lake,Balsam Lake,Oswegatchie/Black (04),P-837,HERKIMER (22),OLD FORGE (G2010),593,State land - wilderness,6.9,63.9,0.11,0.9,0.9,59741,1.3,0.114,0,1,12/07/1984,0.75,0.5,5.8,0.29,NA,0.028,1.7,0.4,6.6,12.8,4.78,-14,22,22.2,8.366666667,Lakes,Adirondack lakes,43.62833333,-74.79722222,1984,1984
Beaver lake,Beaver Lake,Oswegatchie/Black (04),P-849,HAMILTON (21),WEST CANADA LAKES (G220),559,State land - wild forest,55,915.8,0.06,1.9,4.9,1066507,3.6,0.143,4,1,12/07/1984,4,1,5.8,0.33,NA,0.014,1.7,0.36,9.1,1.64,4.71,-16,24,18.775,5.05,Lakes,Adirondack lakes,43.65111111,-74.75222222,1984,1984
Big hope lake,Big hope lake,Lake Champlain (02),P-59,FRANKLIN (17),"DEBAR MIN (C244), LOON LAKE (C243)",522,State land - wild forest,8.9,194.2,0.05,5.8,11.6,515799,1.2,0.469,1,1,12/07/1984,18.5,2,6.2,0.37,NA,0.006,1.6,0.32,1.6,2.12,4.83,-12,24,18.17142857,9.328571429,Lakes,Adirondack lakes,44.51194444,-71.125,1984,1984
Brandy lake,Brandy lake,Lake Champlain (02),P-115,FRANKLIN (17),UPPER SARANAC LAKE (D23B),488,State land - wild forest,2.41,127.6,0.02,1.5,3,37424,0.6,0.048,4,1,13/07/1984,4.25,1,5,0.39,NA,0.016,2.5,0.58,6,6.64,6.69,62,24,19.9,5.52,Lakes,Adirondack lakes,44.28472222,-74.35944444,1984,1984
Bridge brook lake,Bridge brook lake,Raquette (06),P-178,ST. LAWRENCE (45),TUPPER LAKE (E220),486,State land - wild forest,67.6,1593.3,0.04,2.6,7.6,1787705,7.5,0.175,4,1,24/07/1984,2.6,0.5,4.2,27,NA,0.026,4.1,0.68,14,16.04,4.75,-15,110,17.23333333,1.683333333,Lakes,Adirondack lakes,44.1625,-74.56972222,1984,1984
Brook trout lake,Brook Trout Lake,Oswegatchie/Black (04),P-874,HAMILTON (21),WEST CANADA LAKES (G220),722,State land - wilderness,28.7,176.9,0.16,8.4,23.2,2419539,2.7,1.578,0,1,16/07/1984,9.5,1,3.7,0.36,NA,0.022,2.2,0.57,6.7,4.7,5.72,9,22,11.44,6.07,Lakes,Adirondack lakes,43.6,-74.6625,1984,1984
Buck pond,Buck Pond,Oswegatchie/Black (04),P-970,HERKIMER (22),MCKEEVER (G200),533,State land - wild forest,2.4,110,0.02,1.6,3.7,38863,0.8,0.042,0,1,10/07/1984,5.1,1,6,0.31,NA,0.015,2.3,0.48,5.5,4.82,6.01,17.5,21,18.33333333,7.4,Lakes,Adirondack lakes,43.53,-75.06333333,1984,1984
Burntbridge lake,Burntbridge Lake,St. Lawrence (03),P-375,ST. LAWRENCE (45),TUPPER LAKE (E220),490,State land - wild forest,21.9,345.2,0.06,0.8,1.5,175418,2.5,0.071,2,1,13/07/1984,1.25,0.5,3.8,0.36,NA,0.033,3.2,0.61,7.1,16.04,6.92,129,26,22.5,8.2,Lakes,Adirondack lakes,44.21222222,-74.70944444,1984,1984
Cascade lake,Cascade Lake,Oswegatchie/Black (04),P-747,HAMILTON (21),BIG MOOSTE (F210),553,State land - wilderness,40.1,474.8,0.08,4.2,6.1,1718878,4,0.45,1,1,12/07/1984,5.75,3,6.3,0.35,NA,0.006,2.4,0.4,2.2,1.96,6.66,38.5,24,20.5,8.85,Lakes,Adirondack lakes,43.78916667,-74.81277778,1984,1984
Chub lake,Chub lake,Oswegatchie/Black (04),P-778,HAMILTON (21),BIG MOOSTE (F210),604,State land - wilderness,18.6,244.5,0.08,3.9,10.1,717346,2.3,0.389,2,1,13/07/1984,10.3,5,5.466666667,0.426666667,NA,0.015,1.866666667,0.316666667,3.166666667,9.613333333,5.396666667,4,22.33333333,14.2,8.05,Lakes,Adirondack lakes,43.8325,-74.78722222,1984,1984
Chub pond,Chub pond,Oswegatchie/Black (04),P-971,HERKIMER (22),MCKEEVER (G200),485,State land - wild forest,40.1,458.8,0.09,2.7,7.6,1069796,3.9,0.27,1,1,12/07/1984,5.5,2,5.5,0.33,NA,0.012,2,0.4,4.5,2.81,5.91,7,26,19.03333333,8.066666667,Lakes,Adirondack lakes,43.55416667,-75.05555556,1984,1984
Connera lake,Connery pond,Lake Champlain (02),P-243,ESSEX (16),LAKE PLACID (D25B),506,"Private land - rural; State land - wilderness, wild forest",32.8,451.3,0.07,5.3,15.2,1736936,2.8,0.586,2,1,16/07/1984,10.5,2,8.2,0.83,NA,0.018,4.9,0.97,4.3,4.98,7.05,130,36,14.18181818,7.154545455,Lakes,Adirondack lakes,44.30638889,-73.935,1984,1984
Constable lake,Constable pond,Oswegatchie/Black (04),P-777,HAMILTON (21),BIG MOOSTE (F210),532,State land - wilderness,20.6,945.1,0.02,2.1,4,434780,2.9,0.062,3,1,13/07/1984,3.2,1,5.9,0.36,NA,0.008,1.3,0.24,3,2.97,4.72,-17,26,20.85,8,Lakes,Adirondack lakes,43.83055556,-78.8075,1984,1984
Deep lake,Deep lake,Oswegatchie/Black (04),P-866,HAMILTON (21),WEST CANADA LAKES (G220),789,State land - wilderness,11.8,84.2,0.14,8.1,21.3,946593,1.8,1.353,2,1,12/07/1984,21,2,6.1,0.33,NA,0.005,1.1,0.24,2.4,1.94,4.6,-20,26,11.35,9.05,Lakes,Adirondack lakes,43.61611111,-74.66444444,1984,1984
Emerald lake,Emerald lake,Oswegatchie/Black (04),P-190,HERKIMER (22),OSWEGATCHIE SE (E203),576,State land - wilderness,5.3,63.5,0.08,0.6,1.7,34289,1.6,0.06,1,1,13/07/1984,1.25,0.5,3.8,0.38,NA,0.016,1,0.24,9,4.03,4.56,-24,24,22,6.233333333,Lakes,Adirondack lakes,44.02277778,-75.02111111,1984,1984
Falls lake,Falls Pond,Oswegatchie/Black (04),P-885,HAMILTON (21),WEST CANADA LAKES (G220),759,state land - wilderness,14.6,86.5,0.17,2.9,7.3,428130,2.9,0.57,2,1,12/07/1984,8.15,4.5,5.25,0.39,NA,0.0125,1.4,0.305,3.8,3.365,5.105,-9.5,22,12.81111111,5.466666667,Lakes,Adirondack lakes,43.6325,-74.68333333,1984,1984
Fawn lake,Fawn lake,Oswegatchie/Black (04),P-827,HAMILTON (21),OLD FORGE (G2010),594,State land - wild forest,6.5,299.1,0.02,0.3,0.7,20076,1.7,0.008,1,1,10/07/1984,0.7,0.5,6.8,0.18,NA,0.006,2,0.26,5.3,0.72,4.73,10,24,21.9,8.9,Lakes,Adirondack lakes,43.71333333,-74.77944444,1984,1984
Federation lake,Federation pond,Lake Champlain (02),P-148,FRANKLIN (17),UPPER SARANAC LAKE (D23B),488,State land - wild forest,2,20.3,0.1,4.4,8.2,88870,0.7,0.67,0,1,16/07/1984,5.5,1,3.1,0.32,NA,0.011,0.59,0.15,3.5,4.61,4.39,-48,23,18.05,8.466666667,Lakes,Adirondack lakes,44.33972222,-74.41222222,1984,1984
Goose lake,Goose pond,Oswegatchie/Black (04),P-740,HERKIMER (22),BIG MOOSTE (F210),540,State land - wild forest,6.9,114.2,0.06,0.7,1.5,45515,1.7,0.052,2,1,12/07/1984,0.8,0.5,6.6,0.33,NA,0.017,1.9,0.38,4,9.07,5.68,0.5,22,24,8,Lakes,Adirondack lakes,43.78027778,-74.90388889,1984,1984
Grass lake,Grass pond,St. Lawrence (03),P-156,FRANKLIN (17),SAINT REGIS MOUNTAIN (D23A),503,State land - canoe area,8.9,222.2,0.04,1.4,3.7,125215,1.9,0.091,2,1,16/07/1984,3.75,0.5,5,0.38,NA,0.026,2.7,0.52,11,8.26,5.42,8,22,15.34,2.94,Lakes,Adirondack lakes,44.37694444,-74.34722222,1984,1984
Gull lake,Gull lake,Oswegatchie/Black (04),P-969,HERKIMER (22),MCKEEVER (G200),540,State land - wild forest,50.6,211.6,0.24,1.8,3,933567,5.5,0.437,2,1,12/07/1984,2.5,0.5,6,0.28,NA,0.013,1.5,0.32,2.9,3.39,5.13,-8,21,21.03333333,9.333333333,Lakes,Adirondack lakes,43.55138889,-75.06805556,1984,1984
Gull lake north,Gull lake north,Oswegatchie/Black (04),P-762,HAMILTON (21),BIG MOOSTE (F210),598,State land - wilderness,10.1,153.8,0.07,2.6,4.3,266376,1.8,0.213,0,1,13/07/1984,3.25,1,6.2,0.27,NA,0.011,0.96,0.19,1.2,0.63,4.73,-15,22,21.275,7.925,Lakes,Adirondack lakes,43.8625,-74.81972222,1984,1984
Helldiver pond,Helldiver pond,Oswegatchie/Black (04),P-977,HAMILTON (21),WEST CANADA LAKES (G220),566,State land - wild forest,6.5,85.2,0.08,1.7,3.4,112269,1.1,0.161,1,1,10/07/1984,2.7,1,5.3,0.33,NA,0.018,2.5,0.41,12,26.73,4.71,-12,24,17.56666667,4.566666667,Lakes,Adirondack lakes,43.66944444,-74.7,1984,1984
High pond,High pond,Raquette (06),P-147,HAMILTON (21),TUPPER LAKE (E220),573,Private land - Resource management; State land - Wild forest,15.8,46.5,0.34,5.7,17.4,901651,2.8,2.519,0,1,13/07/1984,15.5,7,5.15,0.485,NA,0.0115,1.2,0.255,2.25,6.25,4.87,-5,20,9.55,3.81875,Lakes,Adirondack lakes,44.08527778,-74.65944444,1984,1984
Hoel lake,Hoel pond,Lake Champlain (02),P-161,FRANKLIN (17),UPPER SARANAC LAKE (D23B),493,"Private land - low intensity, moderate intensity use; State land - wild forest",181.7,651.6,0.28,8.1,24.4,14777670,9.8,3.225,3,1,16/07/1984,24,3,4.8,0.59,NA,0.007,2.7,0.43,3.1,4.54,6.52,34,24,13.78125,9.7625,Lakes,Adirondack lakes,44.35805556,-74.35944444,1984,1984
Horseshoe Lake,Horseshoe pond,Lake Champlain (02),P-118,FRANKLIN (17),UPPER SARANAC LAKE (D23B),480,State land - wild forest,34.4,161.9,0.21,4.7,7.9,1616528,4.1,1.529,1,0,16/07/1984,7.25,2,4.2,0.54,NA,0.009,2,0.47,3.3,6.64,6.53,29,20,18.9,9.325,Lakes,Adirondack lakes,44.31722222,-74.36055556,1984,1984
Indian Lake,Indian lake,Oswegatchie/Black (04),P-852,HAMILTON (21),OLD FORGE (G2010),654,"State land - wild forest, wilderness",33.2,1060.7,0.03,3,10.7,981066,4.6,0.117,4,1,9/07/1984,10,3,5.8,0.29,NA,0.011,1.5,0.29,6.9,2.38,4.45,-31,25,12.69090909,5.936363636,Lakes,Adirondack lakes,43.62333333,-74.76222222,1984,1984
Little Rainbow Lake,Little rainbow lake,Lake Champlain (02),P-164,FRANKLIN (17),UPPER SARANAC LAKE (D23B),495,State land - canoe area,4.5,50.6,0.09,0.8,2.1,33244,1.2,0.112,0,1,16/07/1984,1.75,0.5,3.1,0.56,NA,0.021,2.5,0.42,10,23.85,6.45,45,22,22.2,6.925,Lakes,Adirondack lakes,44.35916667,-74.32916667,1984,1984
Long Lake,Long pond,Lake Champlain (02),P-244,ESSEX (16),LAKE PLACID (D25B),518,State land - wilderness,6.5,171.8,0.04,2.1,6.1,134798,1.1,0.112,2,1,16/07/1984,5.4,1,7.4,0.5,NA,0.04,4.4,0.74,7.1,6.16,6.72,88,32,17.28333333,5.2,Lakes,Adirondack lakes,44.31638889,-73.92916667,1984,1984
Loon Lake,Loon pond,Lake Champlain (02),P-69,FRANKLIN (17),BLOOMINGDALE (D24A),513,State land - wild forest,8.5,127.6,0.07,2.1,4.6,175833,1.3,0.241,1,1,16/07/1984,3.25,0.5,6.4,0.44,NA,0.022,1.6,0.4,4.4,12.64,4.64,-22,24,18.425,5.25,Lakes,Adirondack lakes,44.4875,-74.16722222,1984,1984
Lost Lake,Lost pond,St. Lawrence (03),P-199,FRANKLIN (17),SAINT REGIS MOUNTAIN (D23A),518,State land - wild forest,2.4,26.7,0.09,2.1,4,52101,0.9,0.31,1,1,19/07/1984,4,1,6.6,0.23,NA,0.019,0.76,0.26,2.7,2.17,4.82,-16,22,22.24,8.96,Lakes,Adirondack lakes,44.46194444,-74.28388889,1984,1984
Lost Lake East,Lost pond east,Oswegatchie/Black (04),P-879,HAMILTON (21),WEST CANADA LAKES (G220),583,State land - wild forest,7.8,58.3,0.13,2.5,7.3,196643,2,0.419,0,1,10/07/1984,7.4,2,5,0.48,NA,0.01,6.1,0.56,3.9,4.03,7.32,233,33,14.55,5.85,Lakes,Adirondack lakes,43.68777778,-74.66611111,1984,1984
Lower Sister Lake,Lower sister lake,Oswegatchie/Black (04),P-768,HAMILTON (21),BIG MOOSTE (F210),588,State land - wilderness,34,1597.8,0.02,1.6,3,546688,3.4,0.046,2,1,13/07/1984,2.8,1,4.8,0.24,NA,0.016,1.4,0.31,4.7,8.42,4.6,-19,22,20.9,7.4,Lakes,Adirondack lakes,43.87166667,-74.77777778,1984,1984
Oswego Lake,Oswego lake,Oswegatchie/Black (04),P-585,HERKIMER (22),BIG MOOSTE (F210),654,State land - wilderness,3.2,98.3,0.03,1.7,4.3,56304,0.8,0.069,2,1,13/07/1984,2.6,0.5,4.3,0.26,NA,0.018,1.6,0.3,12,4.93,4.87,-5,21,14.75,5.325,Lakes,Adirondack lakes,43.85027778,-74.9,1984,1984
Owl Lake,Owl pond,Lake Champlain (02),P-99,FRANKLIN (17),SARANAC LAKE (D24B),475,Private land - resource management; State land - wilderness,6.1,37.1,0.16,2,4,119889,1.2,0.479,3,0,16/07/1984,3.5,1,5.7,1.2,NA,0.021,1.4,0.3,2.3,15.88,4.83,-15,21,22.38,6.78,Lakes,Adirondack lakes,44.26833333,-74.15305556,1984,1984
Rat Lake,Rat pond,Lake Champlain (02),P-186,FRANKLIN (17),UPPER SARANAC LAKE (D23B),492,State land - wild forest,11.7,79.4,0.15,3.7,8.8,433336,1.5,0.853,0,0,16/07/1984,5.75,1,4,0.48,NA,0.02,2.1,0.61,7.7,8.91,6.21,29,21,15.25,4.116666667,Lakes,Adirondack lakes,44.35277778,-74.31166667,1984,1984
Razorback Lake,Razorback pond,Oswegatchie/Black (04),P-573,HERKIMER (22),BIG MOOSTE (F210),668,"Private land - Rural; State land - wild forest, wilderness",5.3,30.2,0.18,3.7,10.7,193101,1.2,0.715,0,1,13/07/1984,9.3,2,5.7,0.29,NA,0.013,1.6,0.31,2.8,1.64,5.83,4,20,12.95,5.48,Lakes,Adirondack lakes,43.84861111,-74.92305556,1984,1984
Rock Lake,Rock pond,Oswegatchie/Black (04),P-189,HERKIMER (22),OSWEGATCHIE SE (E203),549,State land - wilderness,21.9,218.9,0.1,2.6,5.2,580188,2.5,0.311,3,1,13/07/1984,4,2,4.1,0.35,NA,0.04,1.2,0.23,3.1,6.48,4.92,-9,20,20.56,7.16,Lakes,Adirondack lakes,44.01055556,-75.01833333,1984,1984
Russian Lake,Russian lake,Oswegatchie/Black (04),P-774,HAMILTON (21),BIG MOOSTE (F210),565,State land - wilderness,15,203.1,0.07,3.7,6.4,562109,2.1,0.357,2,1,13/07/1984,5.6,2,5.6,0.31,NA,0.008,1.3,0.23,2.3,2.01,4.67,-20,26,20.3,8.216666667,Lakes,Adirondack lakes,43.84138889,-74.80694444,1984,1984
Safford Lake,Safford pond,Oswegatchie/Black (04),P-736,HERKIMER (22),BIG MOOSTE (F210),537,State land - wild forest,17.4,1613.9,0.01,2,6.1,350759,3.5,0.027,5,1,12/07/1984,4.5,2,5.4,0.49,NA,0.014,1.6,0.31,8.1,2.65,5.3,7,22,16.56,6,Lakes,Adirondack lakes,43.78416667,-74.91527778,1984,1984
Sand Lake,Sand lake,Oswegatchie/Black (04),P-191,HERKIMER (22),OSWEGATCHIE SE (E203),547,State land - wilderness,29.1,1168.9,0.02,5,9.8,1471441,2.2,0.156,2,1,13/07/1984,8.3,2,5.2,0.36,NA,0.007,1.8,0.31,4.2,1.12,4.83,-8,24,14.77777778,6.666666667,Lakes,Adirondack lakes,44.01055556,-75.01083333,1984,1984
South Lake,South pond,Oswegatchie/Black (04),P-582,HERKIMER (22),BIG MOOSTE (F210),624,State land - wilderness,16.2,176.4,0.09,1.9,9.1,315795,2.6,0.213,1,1,11/07/1984,9.4,4,6.1,0.25,NA,0.004,1.1,0.21,1.5,0.92,4.46,-34,24.5,15.11,6,Lakes,Adirondack lakes,43.84388889,-74.88138889,1984,1984
Squaw Lake,Squaw lake,Oswegatchie/Black (04),P-850,HAMILTON (21),WEST CANADA LAKES (G220),645,State land - wild forest,36.4,76.2,0.44,3.4,6.7,1249291,4.1,1.56,3,1,9/07/1984,6.5,4,6.1,0.385,NA,0.0105,2.1,0.455,2.75,3.275,5.59,1,22,19.74285714,7.571428571,Lakes,Adirondack lakes,43.63611111,-74.73888889,1984,1984
Stink Lake,Stink lake,Oswegatchie/Black (04),P-836,HERKIMER (22),OLD FORGE (G2010),582,State land - wilderness,2.8,114.2,0.02,3,4.6,83604,0.8,0.092,2,1,12/07/1984,5.5,2,4.6,0.33,NA,0.019,2.7,0.58,7.5,6.16,6.88,71,23.5,14.3,4.383333333,Lakes,Adirondack lakes,43.63083333,-74.81027778,1984,1984
Twelfth Tee Lake,Twelfth Tee pond,Lake Champlain (02),P-184,FRANKLIN (17),UPPER SARANAC LAKE (D23B),494,Private land - moderate intensity use; State land - wild forest,2,23.9,0.08,3.8,7.6,77341,0.5,0.507,0,0,24/07/1984,8,1,3.4,0.59,NA,0.018,1,0.23,4.2,4.98,4.75,-25,18,13.4625,3.2125,Lakes,Adirondack lakes,44.34166667,-74.34166667,1984,1984
Twin Lake East,Twin Lake east,Oswegatchie/Black (04),P-870,HAMILTON (21),WEST CANADA LAKES (G220),811,State land - wilderness,7.7,138.7,0.06,1.4,3.4,104092,1.7,0.098,1,1,12/07/1984,2,1,5.4,0.08,NA,0.013,0.98,0.2,6.1,4.72,4.39,-39,28,18.025,8.425,Lakes,Adirondack lakes,43.62027778,-74.63555556,1984,1984
Twin Lake West,Twin lake west,Oswegatchie/Black (04),P-869,HAMILTON (21),WEST CANADA LAKES (G220),810,State land - wilderness,7.6,287,0.03,1.8,6.7,134386,1.6,0.061,1,1,12/07/1984,4.6,2,5.4,0.24,NA,0.009,0.98,0.2,11,2.76,4.17,-68,3,13.71666667,8.55,Lakes,Adirondack lakes,43.6175,-74.64166667,1984,1984
Whipple Lake,Whipple pond,St. Lawrence (03),P-158,FRANKLIN (17),SAINT REGIS MOUNTAIN (D23A),493,State land - canoe area,3.6,21.8,0.17,1.6,2.9,59055,0.8,0.409,0,1,16/07/1984,1.6,0.5,2.7,0.65,NA,0.024,0.9,0.32,5.1,8.83,4.91,-26,16,23.33333333,7.766666667,Lakes,Adirondack lakes,44.39388889,-74.30277778,1984,1984
Maggiore,,Ghiffa,,,,,,,,,,,,,,,,,,,,,,,,,,NA,,,,12.5864127,,Lakes,Lake Maggiore,46.098056,8.714722,1981,2008
