"","benthic detritus","Alona costata","Cryptomonas erosa","Keratella taurocephala","Keratella testudo","Cryptomonas ovata","Kelicottia longispina","Gymnodinium palustre","Eucyclops agilis","Mallomonas sp.","Diaptomus minutus","Daphnia pulex","Ploesoma truncatum","Dinobryon bavaricum","Dinobryon sp.","Polyarthra vulgaris","Gastropus stylifer","Bosmina longirostris","Colletheca mutabilis","copepod nauplii","Keratella serrulata","Peridinium inconspicuum"
"benthic detritus",0,1,0,0,0,0,0,0,0,0,0,0,0,0,0,0,0,0,0,0,0,0
"Alona costata",0,0,0,0,0,0,0,0,1,0,0,0,0,0,0,0,0,0,0,0,0,0
"Cryptomonas erosa",0,0,0,1,1,0,1,0,0,0,1,1,1,0,0,1,1,1,1,1,0,0
"Keratella taurocephala",0,0,0,0,0,0,0,0,1,0,0,0,0,0,0,0,0,0,0,0,0,0
"Keratella testudo",0,0,0,0,0,0,0,0,0,0,0,0,0,0,0,0,0,0,0,0,0,0
"Cryptomonas ovata",0,0,0,1,1,0,1,0,0,0,1,1,1,0,0,1,1,1,1,1,0,0
"Kelicottia longispina",0,0,0,0,0,0,0,0,1,0,0,0,0,0,0,0,0,0,0,0,0,0
"Gymnodinium palustre",0,0,0,0,0,0,0,0,1,0,0,0,0,0,0,0,0,0,0,0,0,0
"Eucyclops agilis",0,0,0,0,0,0,0,0,1,0,0,0,0,0,0,0,0,0,0,0,0,0
"Mallomonas sp.",0,0,0,0,0,0,0,0,0,0,1,1,0,0,0,0,0,0,0,0,0,0
"Diaptomus minutus",0,0,0,0,0,0,0,0,1,0,0,0,0,0,0,0,0,0,0,0,0,0
"Daphnia pulex",0,0,0,0,0,0,0,0,0,0,0,0,0,0,0,0,0,0,0,0,0,0
"Ploesoma truncatum",0,0,0,0,0,0,0,0,1,0,0,0,0,0,0,0,0,0,0,0,0,0
"Dinobryon bavaricum",0,0,0,0,0,0,0,0,0,0,1,1,0,0,0,0,0,0,0,0,0,0
"Dinobryon sp.",0,0,0,0,0,0,0,0,0,0,1,1,0,0,0,0,0,0,0,0,0,0
"Polyarthra vulgaris",0,0,0,0,0,0,0,0,1,0,0,0,0,0,0,0,0,0,0,0,0,0
"Gastropus stylifer",0,0,0,0,0,0,0,0,1,0,0,0,0,0,0,0,0,0,0,0,0,0
"Bosmina longirostris",0,0,0,0,0,0,0,0,1,0,0,0,0,0,0,0,0,0,0,0,0,0
"Colletheca mutabilis",0,0,0,0,0,0,0,0,1,0,0,0,0,0,0,0,0,0,0,0,0,0
"copepod nauplii",0,0,0,0,0,0,0,0,1,0,0,0,0,0,0,0,0,0,0,0,0,0
"Keratella serrulata",0,0,0,0,0,0,0,0,1,0,0,0,0,0,0,0,0,0,0,0,0,0
"Peridinium inconspicuum",0,0,0,0,0,0,0,0,1,0,0,0,0,0,0,0,0,0,0,0,0,0
