"","Oocyctis sp.","Diaptomus minutus","Cryptomonas erosa","Keratella taurocephala","Cryptomonas ovata","Mallomonas sp.","Polyarthra remata","Euastrum sp.","Dinobryon sp.","Sphaerocystis schroeteri","Polyarthra major","Trichocerca multicrinis","Asterionella formosa","Bosmina longirostris","Scenedesmus sp.","Closterium sp.","copepod nauplii","Tropocyclops prasinus","Mesocyclops edax","Cyclops bicuspidatus","Polyphemus pediculus","Peridinium inconspicuum"
"Oocyctis sp.",0,1,0,0,0,0,0,0,0,0,0,0,0,0,0,0,0,0,0,0,0,0
"Diaptomus minutus",0,0,0,0,0,0,0,0,0,0,0,0,0,0,0,0,0,1,1,1,0,0
"Cryptomonas erosa",0,1,0,1,0,0,1,0,0,0,1,1,0,1,0,0,1,0,0,0,0,0
"Keratella taurocephala",0,0,0,0,0,0,0,0,0,0,0,0,0,0,0,0,0,1,1,1,0,0
"Cryptomonas ovata",0,1,0,1,0,0,1,0,0,0,1,1,0,1,0,0,1,0,0,0,0,0
"Mallomonas sp.",0,1,0,0,0,0,0,0,0,0,0,0,0,0,0,0,0,0,0,0,0,0
"Polyarthra remata",0,0,0,0,0,0,0,0,0,0,0,0,0,0,0,0,0,1,1,1,0,0
"Euastrum sp.",0,1,0,0,0,0,0,0,0,0,0,0,0,0,0,0,0,0,0,0,0,0
"Dinobryon sp.",0,1,0,0,0,0,0,0,0,0,0,0,0,0,0,0,0,0,0,0,0,0
"Sphaerocystis schroeteri",0,1,0,0,0,0,0,0,0,0,0,0,0,0,0,0,0,0,0,0,0,0
"Polyarthra major",0,0,0,0,0,0,0,0,0,0,0,0,0,0,0,0,0,1,1,1,0,0
"Trichocerca multicrinis",0,0,0,0,0,0,0,0,0,0,0,0,0,0,0,0,0,1,1,1,0,0
"Asterionella formosa",0,1,0,0,0,0,0,0,0,0,0,0,0,0,0,0,0,0,0,0,0,0
"Bosmina longirostris",0,0,0,0,0,0,0,0,0,0,0,0,0,0,0,0,0,1,1,1,1,0
"Scenedesmus sp.",0,1,0,0,0,0,0,0,0,0,0,0,0,0,0,0,0,0,0,0,0,0
"Closterium sp.",0,1,0,0,0,0,0,0,0,0,0,0,0,0,0,0,0,0,0,0,0,0
"copepod nauplii",0,0,0,0,0,0,0,0,0,0,0,0,0,0,0,0,0,1,1,1,1,0
"Tropocyclops prasinus",0,0,0,0,0,0,0,0,0,0,0,0,0,0,0,0,0,1,1,1,0,0
"Mesocyclops edax",0,0,0,0,0,0,0,0,0,0,0,0,0,0,0,0,0,1,1,1,0,0
"Cyclops bicuspidatus",0,0,0,0,0,0,0,0,0,0,0,0,0,0,0,0,0,1,1,1,0,0
"Polyphemus pediculus",0,0,0,0,0,0,0,0,0,0,0,0,0,0,0,0,0,0,0,0,1,0
"Peridinium inconspicuum",0,0,0,0,0,0,0,0,0,0,0,0,0,0,0,0,0,1,1,1,0,0
