"species","movement_type","bodymass","metabolic_type","biomass"
"Adoristes ovatus","walking",6.44e-05,"invertebrate",0.2294572
"Schendyla nemorensis","walking",0.005111424,"invertebrate",0.654262272
"Cryptops hortensis","walking",0.006138127,"invertebrate",0.263939461
"algae","sessile",-999,"primary producer",NA
"Lipothrix lubbocki","walking",1.11e-05,"invertebrate",0.0056499
"Scolopendrella cf subnuda s","walking",2.33e-05,"invertebrate",0.0104384
"Campodea sp. m","walking",0.000717334,"invertebrate",0.022954688
"Brachychthoniidae spp.","walking",7.11e-06,"invertebrate",0.13933467
"Carabodes labyrinthicus","walking",4.35e-05,"invertebrate",0.0221415
"omnivorous nematodes","walking",6.02e-05,"invertebrate",NA
"Enchytraeidae","walking",-999,"invertebrate",NA
"Carabodes coriaceus","walking",8.06e-05,"invertebrate",0.020553
"Carabodes ornatus","walking",7.15e-05,"invertebrate",0.2002
"Carabodes subarcticus","walking",3.16e-05,"invertebrate",0.008058
"Micreremus gracilior","walking",1.27e-05,"invertebrate",0.0032385
"amoebae","other",2.8e-08,"invertebrate",NA
"Isotomiella minor","walking",3.27e-06,"invertebrate",0.08072649
"Megalothorax minimus","walking",1.52e-05,"invertebrate",0.0618944
"Parisotoma notabilis","walking",2.41e-06,"invertebrate",0.12819031
"Lumbricus rubellus juv xl","walking",0.056666667,"invertebrate",0.226666668
"predacious nematodes","walking",3.56e-06,"invertebrate",NA
"Atheta sp. juv","walking",0.000175231,"invertebrate",0.002803696
"Notiophilus rufipes juv","walking",0.003606752,"invertebrate",0.057708032
"Linyphiidae juv","walking",0.000519895,"invertebrate",0.022355485
"Phalangiidae sp. juv","walking",0.005966949,"invertebrate",0.005966949
"Pergamasus norvegicus","walking",0.000302116,"invertebrate",0.07703958
"Pergamasus quisquiliarum","walking",0.000204233,"invertebrate",0.10415883
"Erigonella hiemalis","walking",0.001322539,"invertebrate",0.001322539
"Staphylinidae spec","walking",0.004003596,"invertebrate",0.004003596
"Tenuiphantes mengei","walking",0.001776666,"invertebrate",0.001776666
"Theridiidae sp. juv","walking",0.003831577,"invertebrate",0.011494731
"Lycosidae sp. juv","walking",0.015682465,"invertebrate",0.015682465
"Liocranidae sp. juv","walking",0.002874279,"invertebrate",0.002874279
"Philodromus dispar","walking",0.013387849,"invertebrate",0.013387849
"Philodromidae sp. juv","walking",0.001083208,"invertebrate",0.002166416
"Athous sp. juv","walking",0.000875669,"invertebrate",0.042032112
"bacteria","other",9.5e-16,"heterotrophic bacteria",NA
"Eniochthonius minutissimus","walking",2.06e-05,"invertebrate",0.162534
"Polydesmidae sp.","walking",0.000201582,"invertebrate",0.000201582
"bacterivorous nematodes","walking",8.52e-07,"invertebrate",NA
"flagellates","other",3.63e-07,"invertebrate",NA
"ciliates","other",2.63e-09,"invertebrate",NA
"Cylisticus sp.","walking",0.003154401,"invertebrate",0.003154401
"Mesaphorura sp.","walking",1.46e-05,"invertebrate",0.1003312
"Micranurida pygmaea","walking",5.04e-06,"invertebrate",0.02437344
"Paratullbergia callipygos","walking",1.46e-05,"invertebrate",0.0148628
"Lysigamasus vagabundus","walking",5.29e-05,"invertebrate",0.053958
"Pergamasinae juv xs","walking",6.46e-06,"invertebrate",0.0263568
"Trachytes aegrota juv xs","walking",3.57e-06,"invertebrate",0.00091035
"Uropoda minima","walking",1.34e-05,"invertebrate",0.010251
"Veigaia nemorensis juv","walking",1.79e-05,"invertebrate",0.009129
"Zercon cf gurensis","walking",1.22e-05,"invertebrate",0.021777
"Zercon sp. juv","walking",7.12e-06,"invertebrate",0.0018156
"Oribatida sp. juv","walking",7.36e-07,"invertebrate",0.034465408
"Microppia minus","walking",3.83e-06,"invertebrate",0.01267347
"Oppiella nova","walking",8.99e-06,"invertebrate",0.0457591
"Pachylaelaps sp. juv","walking",2.97e-05,"invertebrate",0.0075735
"Vulgarogamasus sp.","walking",1.09e-05,"invertebrate",0.0027795
"Berniniella sigma","walking",4.35e-06,"invertebrate",0.01439415
"Oppiella acuminata","walking",6.33e-06,"invertebrate",0.00322197
"Oppiella propinqua","walking",1.08e-05,"invertebrate",0.002754
"Suctobelbella sp.","walking",6.17e-06,"invertebrate",0.2371131
"Mesaphorura macrochaeta","walking",1.46e-05,"invertebrate",0.0260172
"Mesaphorura sylvatica","walking",1.46e-05,"invertebrate",0.0334486
"Carabidae sp. juv","walking",0.623319917,"invertebrate",1.246639834
"Cepheus cepheiformes","walking",7.6e-05,"invertebrate",0.077368
"dead organic matter","sessile",-999,"dead organic material",NA
"Euzetes globulus","walking",0.000319952,"invertebrate",0.08158776
"Phthiracarus longulus","walking",6.8e-05,"invertebrate",0.034612
"Platynothrus peltifer","walking",0.000111057,"invertebrate",0.028319535
"Porobelba spinosa","walking",1.49e-05,"invertebrate",0.0189677
"Quadroppia quadricarinata","walking",4.77e-06,"invertebrate",0.00364428
"Tectocepheus velatus alatus","walking",1.35e-05,"invertebrate",0.065286
"Tectocepheus velatus sarekensis","walking",5.27e-06,"invertebrate",0.02414187
"saphrophytes","other",-999,"heterotrophic fungi",NA
"Rhysotritia duplicata","walking",0.000173747,"invertebrate",1.636175499
"Elateridae sp1 juv l","walking",0.01092301,"invertebrate",0.01092301
"Entomobrya corticalis","walking",4.34e-06,"invertebrate",0.0011067
"Entomobrya sp.","walking",6.75e-06,"invertebrate",0.0189
"Eupelops hirtus","walking",0.000241607,"invertebrate",0.061609785
"Eupelops torulosus","walking",9.55e-05,"invertebrate",0.0486095
"Folsomia quadrioculata","walking",5.41e-06,"invertebrate",0.00688693
"fungivorous nematodes","walking",5.35e-07,"invertebrate",NA
"leaf litter","sessile",-999,"dead organic material",NA
"Lepidocyrtus cyaneus","walking",8.99e-06,"invertebrate",0.00686836
"Lepidocyrtus lanuginosus","walking",8.99e-06,"invertebrate",0.08008292
"mykorrhiza","other",-999,"heterotrophic fungi",NA
"Chamobates voigtsi","walking",1.17e-05,"invertebrate",0.0148941
"Microtritia minima","walking",2.74e-05,"invertebrate",0.1534126
"plants","sessile",-999,"primary producer",NA
"root exudates","sessile",-999,"primary producer",NA
"root feeding nematodes","walking",2.35e-07,"invertebrate",NA
"roots","sessile",-999,"primary producer",NA
