"species","movement_type","bodymass","metabolic_type","biomass"
"Achipteria coleoptrata","walking",5e-05,"invertebrate",0.01275
"Lithobius cf crassipes juv","walking",0.000951286,"invertebrate",0.015220576
"Lithobius sp1 s","walking",4.11e-05,"invertebrate",0.0026304
"Lithobius sp.","walking",0.00359344,"invertebrate",0.06468192
"Lithobius sp2 l","walking",0.000157031,"invertebrate",0.01256248
"Acrotrichis sp.","walking",0.000456894,"invertebrate",0.014620608
"Schendyla nemorensis","walking",0.005111424,"invertebrate",0.327131136
"Strigamia acuminata","walking",0.006997365,"invertebrate",0.006997365
"Malthodes sp. juv","walking",0.004000437,"invertebrate",0.384041952
"Atheta sp.","walking",0.000743498,"invertebrate",0.011895968
"Geostiba circellaris","walking",0.001056938,"invertebrate",0.050733024
"Xantholinus sp. juv m","walking",0.001552369,"invertebrate",0.049675808
"Amaurobius sp. juv","walking",0.012068147,"invertebrate",0.024136294
"Diplocephalus latifrons","walking",0.000672299,"invertebrate",0.021513568
"Hahnia pusilla","walking",0.001021355,"invertebrate",0.00204271
"Linyphiidae juv","walking",0.000519895,"invertebrate",0.009878005
"Micrargus herbigradus","walking",0.001961535,"invertebrate",0.001961535
"Phalangiidae sp. juv","walking",0.005966949,"invertebrate",0.011933898
"Robertus lividus","walking",0.008396656,"invertebrate",0.016793312
"Tapinocyba insecta","walking",0.001163738,"invertebrate",0.003491214
"Erigonella hiemalis","walking",0.001322539,"invertebrate",0.005290156
"Macrargus rufus","walking",0.004556828,"invertebrate",0.004556828
"Athous subfuscus juv l","walking",0.00467099,"invertebrate",0.07473584
"Cantharidae sp.","walking",0.004843955,"invertebrate",0.004843955
"Staphylinidae spec","walking",0.004003596,"invertebrate",0.004003596
"Trechinae sp.","walking",0.003922111,"invertebrate",0.007844222
"Geophilomorpha sp.","walking",0.006669259,"invertebrate",0.006669259
"Harpactea lepida juv large","walking",0.004962887,"invertebrate",0.004962887
"Theridiidae sp. juv","walking",0.003831577,"invertebrate",0.003831577
"Pelecopsis radicicola","walking",0.000905469,"invertebrate",0.006338283
"Saaristoa abnormis","walking",0.001376267,"invertebrate",0.001376267
"Aegopinella nitidula juv","walking",0.006715285,"invertebrate",0.006715285
"Staphylinidae sp. juv l","walking",0.047641095,"invertebrate",0.428769855
"Aegopinella pura","walking",0.00244117,"invertebrate",0.00244117
"Aegopinella pura juv","walking",0.000519993,"invertebrate",0.001559979
"algae","sessile",-999,"primary producer",NA
"Allacma fusca","walking",1.02e-05,"invertebrate",0.0103836
"Desoria violacea","walking",8.34e-06,"invertebrate",0.0212253
"Sminthurinus aureus","walking",5.1e-06,"invertebrate",0.0103836
"Sminthurinus sp. juv","walking",5.1e-06,"invertebrate",0.0051918
"Scolopendrella cf subnuda s","walking",2.33e-05,"invertebrate",0.0137936
"Brachychthoniidae spp.","walking",7.11e-06,"invertebrate",0.16285455
"Carabodes labyrinthicus","walking",4.35e-05,"invertebrate",0.0110925
"Oribatella calcarata","walking",6.23e-05,"invertebrate",0.0158865
"omnivorous nematodes","walking",6.02e-05,"invertebrate",NA
"Enchytraeidae","walking",-999,"invertebrate",NA
"Scutigerella immaculata m","walking",0.000203722,"invertebrate",0.022816864
"Arion silvaticus","walking",0.192352467,"invertebrate",0.384704934
"Atheta sp. juv","walking",0.000175231,"invertebrate",0.002803696
"Arctoseius magnanalis","walking",1.64e-05,"invertebrate",0.0083476
"Lysigamasus sp. juv","walking",2.42e-05,"invertebrate",0.0184888
"Leptogamasus suecicus","walking",1.44e-05,"invertebrate",0.036648
"Lysigamasus lapponicus","walking",5.21e-05,"invertebrate",0.0132855
"Pergamasus crassipes","walking",0.000266625,"invertebrate",0.067989375
"Veigaia cerva juv","walking",3.3e-05,"invertebrate",0.008415
"Veigaia nemorensis","walking",4.83e-05,"invertebrate",0.0369012
"Veigaia nemorensis juv","walking",1.79e-05,"invertebrate",0.0045645
"Zercon cf gurensis","walking",1.22e-05,"invertebrate",0.0062098
"Pergamasinae juv s","walking",1.87e-05,"invertebrate",0.0190366
"Allaiulus nitidus xl","walking",0.00468865,"invertebrate",0.375092
"amoebae","other",2.8e-08,"invertebrate",NA
"Isotomiella minor","walking",3.27e-06,"invertebrate",0.12233724
"Megalothorax minimus","walking",1.52e-05,"invertebrate",0.0116128
"Parisotoma notabilis","walking",2.41e-06,"invertebrate",0.04048077
"Aporrectodea caliginosa juv xl","walking",0.267537302,"invertebrate",5.35074604
"Aporrectodea rosea","walking",0.219642857,"invertebrate",0.878571428
"Aporrectodea rosea juv","walking",0.085811429,"invertebrate",1.71622858
"predacious nematodes","walking",3.56e-06,"invertebrate",NA
"Lumbricus rubellus xxl","walking",0.921851852,"invertebrate",22.12444445
"Lumbricus rubellus juv xxl","walking",0.32269697,"invertebrate",7.74472728
"Octolasion tyrtaeum xxxl","walking",2.000714286,"invertebrate",8.002857144
"Octolasion tyrtaeum juv xxl","walking",0.378272222,"invertebrate",9.078533328
"bacteria","other",9.5e-16,"heterotrophic bacteria",NA
"Deuteraphorura inermis","walking",8.45e-06,"invertebrate",0.00430105
"Protaphorura armata","walking",8.73e-06,"invertebrate",0.03777471
"Ligidium hypnorum","walking",0.005681208,"invertebrate",0.011362416
"Polydesmidae sp.","walking",0.000201582,"invertebrate",0.000201582
"bacterivorous nematodes","walking",8.52e-07,"invertebrate",NA
"flagellates","other",3.63e-07,"invertebrate",NA
"ciliates","other",2.63e-09,"invertebrate",NA
"Julidae sp.","walking",0.00617,"invertebrate",0.41339
"Cylisticus sp.","walking",0.003154401,"invertebrate",0.006308802
"Porcellio sp.","walking",0.004806301,"invertebrate",0.009612602
"Porcellio conspersum","walking",0.004025013,"invertebrate",0.008050026
"Friesea mirabilis","walking",6.36e-06,"invertebrate",0.0016218
"Mesaphorura sp.","walking",1.46e-05,"invertebrate",0.0891768
"Micranurida pygmaea","walking",5.04e-06,"invertebrate",0.0012852
"Gamasina sp. juv","walking",5.62e-06,"invertebrate",0.00858174
"Geholaspis sp. juv","walking",4.74e-05,"invertebrate",0.012087
"Parasitidae juv xs","walking",4.91e-06,"invertebrate",0.00125205
"Prozercon fimbriatus","walking",6.12e-06,"invertebrate",0.0015606
"Uropodina sp. juv","walking",3.52e-06,"invertebrate",0.0008976
"Dissorhina ornata","walking",1.17e-05,"invertebrate",0.0119106
"Oribatida sp. juv","walking",7.36e-07,"invertebrate",0.006556288
"Microppia minus","walking",3.83e-06,"invertebrate",0.00097665
"Oppiella falcata","walking",6.68e-06,"invertebrate",0.01360048
"Oppiella nova","walking",8.99e-06,"invertebrate",0.04118319
"Oppiella subpectinata","walking",1.52e-05,"invertebrate",0.003876
"Suctobelbella sp.","walking",6.17e-06,"invertebrate",0.017276
"Brachysomus sp.","walking",0.005330532,"invertebrate",0.005330532
"Chamobates voigtsi","walking",1.17e-05,"invertebrate",0.0297765
"Chrysomelidae sp.","walking",0.004621467,"invertebrate",0.009242934
"Clausilia bidentata juv","walking",0.026462073,"invertebrate",0.026462073
"Nesovitrea hammonis","walking",0.002188587,"invertebrate",0.008754348
"Coleoptera sp.","walking",0.001535648,"invertebrate",0.003071296
"Coleoptera sp. juv","walking",0.027960341,"invertebrate",0.055920682
"Dalopius marginatus juv l","walking",0.007338728,"invertebrate",0.117419648
"dead organic matter","sessile",-999,"dead organic material",NA
"Tectocepheus velatus alatus","walking",1.35e-05,"invertebrate",0.0171855
"saphrophytes","other",-999,"heterotrophic fungi",NA
"Elateridae sp.","walking",0.02957777,"invertebrate",0.02957777
"Elateridae sp1 juv l","walking",0.01092301,"invertebrate",0.02184602
"Folsomia quadrioculata","walking",5.41e-06,"invertebrate",0.07297549
"Folsomia spinosa","walking",5.41e-06,"invertebrate",0.00137955
"fungivorous nematodes","walking",5.35e-07,"invertebrate",NA
"Glomeris sp.","walking",0.08039,"invertebrate",0.16078
"Helicidae sp. juv","walking",0.010157043,"invertebrate",0.010157043
"Lamprohiza splendidula juv","walking",0.000513793,"invertebrate",0.008220688
"leaf litter","sessile",-999,"dead organic material",NA
"Orchesella bifasciata","walking",1.46e-05,"invertebrate",0.003723
"mykorrhiza","other",-999,"heterotrophic fungi",NA
"plants","sessile",-999,"primary producer",NA
"Sitona sp.","walking",0.010457237,"invertebrate",0.010457237
"root exudates","sessile",-999,"primary producer",NA
"root feeding nematodes","walking",2.35e-07,"invertebrate",NA
"roots","sessile",-999,"primary producer",NA
