"species","movement_type","bodymass","metabolic_type","biomass"
"Achipteria coleoptrata","walking",5e-05,"invertebrate",0.02545
"Lithobius cf mutabilis juv","walking",0.001784674,"invertebrate",0.028554784
"Lithobius sp.","walking",0.00359344,"invertebrate",0.02874752
"Geophilus ribauti","walking",0.004253993,"invertebrate",0.272255552
"Lithobius sp2 l","walking",0.000157031,"invertebrate",0.007537488
"Lithobius sp3 m","walking",0.000204057,"invertebrate",0.003264912
"Aegopinella nitidula juv","walking",0.006715285,"invertebrate",0.006715285
"Strigamia acuminata","walking",0.006997365,"invertebrate",0.062976285
"Othius punctulatus","walking",0.022562448,"invertebrate",0.360999168
"Aegopinella pura","walking",0.00244117,"invertebrate",0.00244117
"Othius subuliformis","walking",0.003693547,"invertebrate",0.118193504
"Phalangiidae sp. juv","walking",0.005966949,"invertebrate",0.441554226
"Staphylinidae spec","walking",0.004003596,"invertebrate",0.004003596
"Agelenidae sp. juv","walking",0.009143081,"invertebrate",0.027429243
"Geophilus insculptus","walking",0.005906476,"invertebrate",0.094503616
"Schendyla nemorensis","walking",0.005111424,"invertebrate",0.327131136
"Harpalus sp.","walking",0.038172623,"invertebrate",0.610761968
"Molops elatus","walking",0.238260273,"invertebrate",3.812164368
"Amaurobius sp. juv","walking",0.012068147,"invertebrate",0.048272588
"Clubiona comta","walking",0.009930466,"invertebrate",0.158887456
"Cychrus attenuatus","walking",0.51825924,"invertebrate",0.51825924
"Agriotes aterrimus juv","walking",0.003631715,"invertebrate",0.05810744
"Centomerus sylvaticus","walking",0.004287797,"invertebrate",0.068604752
"Robertus lividus","walking",0.008396656,"invertebrate",0.016793312
"Harpactea lepida juv large","walking",0.004962887,"invertebrate",0.019851548
"Theridiidae sp. juv","walking",0.003831577,"invertebrate",0.011494731
"algae","sessile",-999,"primary producer",NA
"Lipothrix lubbocki","walking",1.11e-05,"invertebrate",0.0084804
"Scolopendrella cf subnuda s","walking",2.33e-05,"invertebrate",0.0007456
"Brachychthoniidae spp.","walking",7.11e-06,"invertebrate",0.04162194
"Eulohmannia ribagai","walking",8.7e-05,"invertebrate",0.354264
"omnivorous nematodes","walking",6.02e-05,"invertebrate",NA
"Enchytraeidae","walking",-999,"invertebrate",NA
"Scutigerella immaculata s","walking",7.15e-05,"invertebrate",0.018304
"Campodea sp. l","walking",0.002292383,"invertebrate",0.586850048
"Allaiulus nitidus xl","walking",0.00468865,"invertebrate",0.3000736
"amoebae","other",2.8e-08,"invertebrate",NA
"Ceratophysella armata","walking",5.96e-06,"invertebrate",0.0015198
"Ceratophysella denticulata","walking",5.96e-06,"invertebrate",0.0151682
"Isotomiella minor","walking",3.27e-06,"invertebrate",0.01497987
"Megalothorax minimus","walking",1.52e-05,"invertebrate",0.0116128
"Parisotoma notabilis","walking",2.41e-06,"invertebrate",0.03005511
"Aporrectodea caliginosa","walking",0.607275641,"invertebrate",2.429102564
"predacious nematodes","walking",3.56e-06,"invertebrate",NA
"Aporrectodea caliginosa juv xxl","walking",1.38,"invertebrate",5.52
"Lumbricus terrestris juv xxl","walking",0.48375,"invertebrate",9.675
"Araneidae sp. juv","walking",0.001240502,"invertebrate",0.001240502
"Diplocephalus picinus","walking",0.001612679,"invertebrate",0.003225358
"Harpactea lepida juv small","walking",0.002996785,"invertebrate",0.04794856
"Neobisium carcinoides","walking",0.001549189,"invertebrate",0.024787024
"Neobisium sp.","walking",0.001603525,"invertebrate",0.001603525
"Walckenaeria cucullata","walking",0.002215063,"invertebrate",0.035441008
"Robertus sp. juv l","walking",0.002025921,"invertebrate",0.064829472
"Atheta sp.","walking",0.000743498,"invertebrate",0.00743498
"Saloca diceros","walking",0.001156146,"invertebrate",0.001156146
"Tapinocyba insecta","walking",0.001163738,"invertebrate",0.010473642
"Athous sp. juv","walking",0.000875669,"invertebrate",0.014010704
"Athous subfuscus juv m","walking",0.000471002,"invertebrate",0.007536032
"Linyphiidae juv","walking",0.000519895,"invertebrate",0.034832965
"Tapinocyba pallens","walking",0.000732341,"invertebrate",0.002197023
"Othius sp. juv s","walking",0.000543988,"invertebrate",0.008703808
"Athous vittatus juv","walking",0.007401825,"invertebrate",0.1184292
"Atropacarus striculus","walking",2.49e-05,"invertebrate",0.0063495
"bacteria","other",9.5e-16,"heterotrophic bacteria",NA
"Protaphorura armata","walking",8.73e-06,"invertebrate",0.00444357
"Supraphorura furcifera","walking",6.36e-06,"invertebrate",0.0016218
"Oniscus asellus","walking",0.008617633,"invertebrate",0.008617633
"bacterivorous nematodes","walking",8.52e-07,"invertebrate",NA
"flagellates","other",3.63e-07,"invertebrate",NA
"ciliates","other",2.63e-09,"invertebrate",NA
"Julidae sp.","walking",0.00617,"invertebrate",0.02468
"Trichoniscus pusillus m","walking",0.000404192,"invertebrate",0.019401216
"Cylisticus sp.","walking",0.003154401,"invertebrate",0.003154401
"Trichoniscus sp.","walking",0.001742812,"invertebrate",0.003485624
"Philoscia muscorum","walking",0.00320492,"invertebrate",0.00320492
"Friesea mirabilis","walking",6.36e-06,"invertebrate",0.00323724
"Mesaphorura sp.","walking",1.46e-05,"invertebrate",0.0074314
"Paratullbergia callipygos","walking",1.46e-05,"invertebrate",0.0074314
"Pseudachorutes cf dubius","walking",1.07e-05,"invertebrate",0.0054463
"Pseudachorutes subcrassus","walking",5.96e-06,"invertebrate",0.00455344
"Dinychus perforatus juv","walking",4.04e-05,"invertebrate",0.010302
"Leitneria granulata juv","walking",4.8e-06,"invertebrate",0.001224
"Lysigamasus puerilis","walking",9.62e-06,"invertebrate",0.00489658
"Lysigamasus vagabundus","walking",5.29e-05,"invertebrate",0.0134895
"Parasitidae juv xs","walking",4.91e-06,"invertebrate",0.00375124
"Prozercon fimbriatus","walking",6.12e-06,"invertebrate",0.01246032
"Prozercon fimbriatus juv","walking",3.51e-06,"invertebrate",0.00089505
"Trachytes aegrota","walking",3.7e-05,"invertebrate",0.018833
"Trachytes pauperior juv","walking",1.16e-05,"invertebrate",0.0413308
"Uropoda cassidea juv","walking",3.95e-05,"invertebrate",0.0201055
"Uropoda minima","walking",1.34e-05,"invertebrate",0.0068206
"Uropoda minima juv","walking",7.91e-06,"invertebrate",0.00201705
"Veigaia agilis","walking",1.09e-05,"invertebrate",0.0027795
"Veigaia exigua juv","walking",8.43e-06,"invertebrate",0.00214965
"Veigaia nemorensis","walking",4.83e-05,"invertebrate",0.0491694
"Veigaia nemorensis juv","walking",1.79e-05,"invertebrate",0.0091111
"Berniniella conjuncta","walking",4.92e-06,"invertebrate",0.00500856
"Dissorhina ornata","walking",1.17e-05,"invertebrate",0.0148941
"Hypochthonius rufulus","walking",2.51e-05,"invertebrate",0.0064005
"Oribatida sp. juv","walking",7.36e-07,"invertebrate",0.00561936
"Microppia minus","walking",3.83e-06,"invertebrate",0.00097665
"Oppiella falcata","walking",6.68e-06,"invertebrate",0.02550424
"Oppiella nova","walking",8.99e-06,"invertebrate",0.00457591
"Oppiella subpectinata","walking",1.52e-05,"invertebrate",0.0735072
"Oppiella obsoleta","walking",1.58e-05,"invertebrate",0.0080422
"Suctobelbella sp.","walking",6.17e-06,"invertebrate",0.03611918
"Pergamasinae juv s","walking",1.87e-05,"invertebrate",0.0047685
"Trachytes aegrota juv s","walking",2.42e-05,"invertebrate",0.006171
"Trachytes pauperior s","walking",1.92e-05,"invertebrate",0.0146688
"Xantholinus sp. juv s","walking",0.000392277,"invertebrate",0.006276432
"Brachysomus sp.","walking",0.005330532,"invertebrate",0.005330532
"Chamobates voigtsi","walking",1.17e-05,"invertebrate",0.0476424
"Cochlodina laminata","walking",0.201619125,"invertebrate",0.201619125
"Limax cinereoniger","walking",3.3210975,"invertebrate",3.3210975
"Coleoptera sp.","walking",0.001535648,"invertebrate",0.004606944
"Coleoptera sp. juv","walking",0.027960341,"invertebrate",0.055920682
"Damaeus riparius","walking",0.000216929,"invertebrate",0.110416861
"dead organic matter","sessile",-999,"dead organic material",NA
"Platynothrus peltifer","walking",0.000111057,"invertebrate",0.056528013
"Quadroppia quadricarinata","walking",4.77e-06,"invertebrate",0.01213965
"Tectocepheus minor","walking",9.85e-06,"invertebrate",0.00251175
"saphrophytes","other",-999,"heterotrophic fungi",NA
"Elateridae sp.","walking",0.02957777,"invertebrate",0.05915554
"Folsomia quadrioculata","walking",5.41e-06,"invertebrate",0.02616276
"Folsomia spinosa","walking",5.41e-06,"invertebrate",0.00137955
"fungivorous nematodes","walking",5.35e-07,"invertebrate",NA
"Glomeris conspersa xl","walking",0.018073387,"invertebrate",0.289174192
"Glomeris sp.","walking",0.152978077,"invertebrate",3.977430002
"Lamprohiza splendidula juv","walking",0.000513793,"invertebrate",0.008220688
"leaf litter","sessile",-999,"dead organic material",NA
"Lepidocyrtus lanuginosus","walking",8.99e-06,"invertebrate",0.01830364
"Monachoides incarnatus","walking",0.125012001,"invertebrate",0.125012001
"Vitrea diaphana juv","walking",0.000366553,"invertebrate",0.000366553
"mykorrhiza","other",-999,"heterotrophic fungi",NA
"Steganacarus magnus","walking",0.0004634,"invertebrate",0.118167
"plants","sessile",-999,"primary producer",NA
"root exudates","sessile",-999,"primary producer",NA
"root feeding nematodes","walking",2.35e-07,"invertebrate",NA
"roots","sessile",-999,"primary producer",NA
