"species","movement_type","bodymass","metabolic_type","biomass"
"Achipteria coleoptrata","walking",5e-05,"invertebrate",0.01275
"Lithobius crassipes","walking",0.003348347,"invertebrate",0.053573552
"Lithobius mutabilis","walking",0.004660424,"invertebrate",0.074566784
"Lithobius sp. juv m","walking",0.000467176,"invertebrate",0.007474816
"Lithobius sp.","walking",0.00359344,"invertebrate",0.02515408
"Geophilus ribauti","walking",0.004253993,"invertebrate",0.748702768
"Scydmaenidae sp2","walking",0.000550589,"invertebrate",0.008809424
"Lithobius sp2 l","walking",0.000157031,"invertebrate",0.010049984
"Lithobius sp3 m","walking",0.000204057,"invertebrate",0.003264912
"Aegopinella nitidula","walking",0.024608643,"invertebrate",0.049217286
"Strigamia acuminata","walking",0.006997365,"invertebrate",0.062976285
"Limacidae sp.","walking",0.184894,"invertebrate",0.184894
"Aegopinella nitidula juv","walking",0.006715285,"invertebrate",0.020145855
"Agelenidae sp. juv","walking",0.009143081,"invertebrate",0.018286162
"Schendyla nemorensis","walking",0.005111424,"invertebrate",1.553872896
"Amaurobius sp. juv","walking",0.012068147,"invertebrate",0.048272588
"Pterostichus sp.","walking",0.14115915,"invertebrate",0.14115915
"Calathus melanocephalus","walking",0.022694242,"invertebrate",0.022694242
"Geophilomorpha sp.","walking",0.006669259,"invertebrate",0.033346295
"Harpactea lepida large","walking",0.014693674,"invertebrate",0.029387348
"Histopona torpida","walking",0.030705366,"invertebrate",0.030705366
"Agriotes acuminatus juv","walking",0.009457606,"invertebrate",0.151321696
"Agriotes sp. juv","walking",0.001333964,"invertebrate",0.021343424
"Trechus sp. juv","walking",0.007418932,"invertebrate",0.118702912
"Diplocephalus picinus","walking",0.001612679,"invertebrate",0.006450716
"Microneta viaria","walking",0.001863227,"invertebrate",0.003726454
"Neobisium sp.","walking",0.001603525,"invertebrate",0.001603525
"Phalangiidae sp. juv","walking",0.005966949,"invertebrate",0.101438133
"Robertus lividus","walking",0.008396656,"invertebrate",0.134346496
"Campodea sp. l","walking",0.002292383,"invertebrate",0.220068768
"Cantharidae sp.","walking",0.004843955,"invertebrate",0.004843955
"Staphylinidae spec","walking",0.004003596,"invertebrate",0.008007192
"Harpactea lepida juv large","walking",0.004962887,"invertebrate",0.004962887
"Theridiidae sp. juv","walking",0.003831577,"invertebrate",0.007663154
"Walckenaeria nudipalpis","walking",0.003178051,"invertebrate",0.003178051
"Aleocharinae sp1 juv","walking",0.000349987,"invertebrate",0.005599792
"Athous subfuscus juv m","walking",0.000471002,"invertebrate",0.007536032
"Atheta sp.","walking",0.000743498,"invertebrate",0.011895968
"Geostiba circellaris","walking",0.001056938,"invertebrate",0.033822016
"Linyphiidae juv","walking",0.000519895,"invertebrate",0.014037165
"Saloca diceros","walking",0.001156146,"invertebrate",0.001156146
"Walckenaeria dysderoides","walking",0.001161099,"invertebrate",0.018577584
"Hahniidae sp. juv","walking",0.00062287,"invertebrate",0.00062287
"algae","sessile",-999,"primary producer",NA
"Deuterosminthurus sp.","walking",5.1e-06,"invertebrate",0.0013005
"Sminthurinus aureus","walking",5.1e-06,"invertebrate",0.0013005
"Sminthurinus sp. juv","walking",5.1e-06,"invertebrate",0.002601
"Sminthurus viridis","walking",5.1e-06,"invertebrate",0.0013005
"Scolopendrella cf subnuda s","walking",2.33e-05,"invertebrate",0.0059648
"Brachychthoniidae spp.","walking",7.11e-06,"invertebrate",0.00181305
"omnivorous nematodes","walking",6.02e-05,"invertebrate",NA
"Enchytraeidae","walking",-999,"invertebrate",NA
"Scutigerella immaculata m","walking",0.000203722,"invertebrate",0.078229248
"Discus rotundatus juv","walking",0.003997226,"invertebrate",0.015988904
"Arion silvaticus","walking",0.192352467,"invertebrate",0.577057401
"Pulmonata sp. juv","walking",0.000232019,"invertebrate",0.000232019
"Allaiulus nitidus xxl","walking",0.031924658,"invertebrate",1.021589056
"amoebae","other",2.8e-08,"invertebrate",NA
"Isotomiella minor","walking",3.27e-06,"invertebrate",0.01747815
"Megalothorax minimus","walking",1.52e-05,"invertebrate",0.0077368
"Parisotoma notabilis","walking",2.41e-06,"invertebrate",0.00306793
"Aporrectodea caliginosa juv xl","walking",0.267537302,"invertebrate",29.96417782
"Lumbricus terrestris","walking",6.054848485,"invertebrate",24.21939394
"predacious nematodes","walking",3.56e-06,"invertebrate",NA
"Lumbricus terrestris juv xxxl","walking",2.295738095,"invertebrate",9.18295238
"Octolasion tyrtaeum juv xxl","walking",0.378272222,"invertebrate",4.539266664
"Atropacarus striculus","walking",2.49e-05,"invertebrate",0.0506964
"bacteria","other",9.5e-16,"heterotrophic bacteria",NA
"Protaphorura armata","walking",8.73e-06,"invertebrate",0.01111329
"Porcellio spinicornis","walking",0.010511452,"invertebrate",0.168183232
"Oniscidae sp. juv","walking",0.005468271,"invertebrate",0.087492336
"bacterivorous nematodes","walking",8.52e-07,"invertebrate",NA
"flagellates","other",3.63e-07,"invertebrate",NA
"ciliates","other",2.63e-09,"invertebrate",NA
"Julidae sp.","walking",0.00617,"invertebrate",0.01851
"Trichoniscus pusillus m","walking",0.000404192,"invertebrate",0.058203648
"Cylisticus sp.","walking",0.003154401,"invertebrate",0.006308802
"Trichoniscus sp.","walking",0.001742812,"invertebrate",0.005228436
"Trachelipus ratzeburgii","walking",0.010365996,"invertebrate",0.020731992
"Mesaphorura sp.","walking",1.46e-05,"invertebrate",0.0074314
"Paratullbergia callipygos","walking",1.46e-05,"invertebrate",0.003723
"Paratullbergia sp.","walking",1.46e-05,"invertebrate",0.0111544
"Stenaphorura denisi","walking",4.75e-06,"invertebrate",0.00121125
"Dinychus perforatus","walking",6.09e-05,"invertebrate",0.0155295
"Geholaspis aeneus","walking",0.000111701,"invertebrate",0.028483755
"Pergamasinae juv xs","walking",6.46e-06,"invertebrate",0.00493544
"Pergamasinae male","walking",9.62e-05,"invertebrate",0.024531
"Trachytes pauperior juv","walking",1.16e-05,"invertebrate",0.002958
"Veigaia nemorensis juv","walking",1.79e-05,"invertebrate",0.0091111
"Zercon sp. juv","walking",7.12e-06,"invertebrate",0.0018156
"Dissorhina ornata","walking",1.17e-05,"invertebrate",0.0178659
"Hypochthonius luteus","walking",1.67e-05,"invertebrate",0.0042585
"Oribatida sp. juv","walking",7.36e-07,"invertebrate",0.004683168
"Neotrichoppia confinis","walking",9.85e-06,"invertebrate",0.00251175
"Nothrus silvestris","walking",8.43e-05,"invertebrate",0.0429087
"Oppiella nova","walking",8.99e-06,"invertebrate",0.00457591
"Oppiella subpectinata","walking",1.52e-05,"invertebrate",0.0116128
"Oppiella obsoleta","walking",1.58e-05,"invertebrate",0.0120712
"Suctobelbella sp.","walking",6.17e-06,"invertebrate",0.00314053
"Parasitidae juv s","walking",2.7e-05,"invertebrate",0.013743
"Brachysomus sp.","walking",0.005330532,"invertebrate",0.021322128
"Ceratozetes gracilis","walking",3.57e-05,"invertebrate",0.0091035
"Chamobates cuspidatus","walking",1.55e-05,"invertebrate",0.0078895
"Clausilia bidentata","walking",0.079863719,"invertebrate",0.159727438
"Nesovitrea hammonis","walking",0.002188587,"invertebrate",0.006565761
"Coleoptera sp.","walking",0.001535648,"invertebrate",0.003071296
"Cryptorhynchinae sp.","walking",0.01426803,"invertebrate",0.22828848
"Curculionidae sp.","walking",0.006092829,"invertebrate",0.006092829
"dead organic matter","sessile",-999,"dead organic material",NA
"Quadroppia quadricarinata","walking",4.77e-06,"invertebrate",0.00242793
"Tectocepheus minor","walking",9.85e-06,"invertebrate",0.00251175
"saphrophytes","other",-999,"heterotrophic fungi",NA
"Arianta arbustorum","walking",0.435109646,"invertebrate",0.435109646
"Hahnia pusilla juv","walking",0.000174151,"invertebrate",0.01393208
"Elateridae sp.","walking",0.02957777,"invertebrate",0.02957777
"Folsomia quadrioculata","walking",5.41e-06,"invertebrate",0.02202952
"Folsomia spinosa","walking",5.41e-06,"invertebrate",0.00137955
"fungivorous nematodes","walking",5.35e-07,"invertebrate",NA
"Glomeris sp.","walking",0.13461,"invertebrate",0.26922
"Helicidae sp. juv","walking",0.010157043,"invertebrate",0.010157043
"leaf litter","sessile",-999,"dead organic material",NA
"Lepidocyrtus lanuginosus","walking",8.99e-06,"invertebrate",0.01144427
"Monachoides incarnatus","walking",0.125012001,"invertebrate",1.375132011
"Macrogastra ventricosa","walking",0.261187846,"invertebrate",0.261187846
"mykorrhiza","other",-999,"heterotrophic fungi",NA
"Pantelozetes paolii","walking",1.22e-05,"invertebrate",0.003111
"Steganacarus magnus","walking",0.0004634,"invertebrate",0.5899082
"Phyllobius sp.","walking",0.012766128,"invertebrate",0.012766128
"plants","sessile",-999,"primary producer",NA
"root exudates","sessile",-999,"primary producer",NA
"root feeding nematodes","walking",2.35e-07,"invertebrate",NA
"roots","sessile",-999,"primary producer",NA
