"","Lake_species","Taxa.x","study.site","foodweb.name","taxonomy","taxonomy.level","common","lifestage","metabolic.type","movement.type","mass.mean.g.","geographic.location","longitude","latitude","ecosystem.type","altitude","include","notes","lake_database","Taxa.y","Count.of.Lake_species","Sum.of.phyto_density_ind_ml","Sum.of.zoop_density_ind_m3","Sum.of.fish_number","Sum.of.effort_h","CPUE","density","species_type","logN","logM","logCPUE","logCPUE.pred","log10.density.comb","density.comb","biomass","biomass_units"
"1","Federation lake_benthic detritus","benthic detritus","Adirondack lakes","Federation lake","benthic detritus",NA,NA,NA,"detritus","sessile",NA,"USA",-74.41,44.34,"lakes",482,1,"",NA,NA,NA,NA,NA,NA,NA,NA,NA,"detritus",NA,NA,NA,NA,NA,NA,NA,"g.ml"
"2","Federation lake_Botryococcus braunii","Botryococcus braunii","Adirondack lakes","Federation lake","Botryococcus braunii","species","phytoplankton",NA,"primary producer","floating",3.64e-11,"USA",-74.41,44.34,"lakes",482,1,"","Federation lake","Botryococcus braunii",1,1.4,0,0,0,NA,1.4,"phytoplankton",0.146128035678238,-10.4388986163509,NA,NA,0.146128035678238,1.4,5.096e-11,"g.ml"
"3","Federation lake_Chydorus sphaericus","Chydorus sphaericus","Adirondack lakes","Federation lake","Chydorus sphaericus","species","water flea",NA,"invertebrate","swimming",2.18e-06,"USA",-74.41,44.34,"lakes",482,1,"","Federation lake","Chydorus sphaericus",1,0,20,0,0,NA,2e-05,"zooplankton",-4.69897000433602,-5.66154350639539,NA,NA,-4.69897000433602,2e-05,4.36e-11,"g.ml"
"4","Federation lake_Conochiloides dossuarius","Conochiloides dossuarius","Adirondack lakes","Federation lake","Conochiloides dossuarius","species","rotifer",NA,"invertebrate","swimming",1.83e-06,"USA",-74.41,44.34,"lakes",482,1,"","Federation lake","Conochiloides dossuarius",1,0,17839,0,0,NA,0.017839,"zooplankton",-1.7486294945033,-5.73754891026957,NA,NA,-1.7486294945033,0.017839,3.264537e-08,"g.ml"
"5","Federation lake_copepod nauplii","copepod nauplii","Adirondack lakes","Federation lake","copepod nauplii",NA,"copepod","nauplii","invertebrate","swimming",2.8e-06,"USA",-74.41,44.34,"lakes",482,1,"","Federation lake","copepod nauplii",1,0,521,0,0,NA,0.000521,"zooplankton",-3.28316227670048,-5.55284196865778,NA,NA,-3.28316227670048,0.000521,1.4588e-09,"g.ml"
"6","Federation lake_Cryptomonas ovata","Cryptomonas ovata","Adirondack lakes","Federation lake","Cryptomonas ovata","species","phytoplankton",NA,"primary producer","floating",4.75e-11,"USA",-74.41,44.34,"lakes",482,1,"","Federation lake","Cryptomonas ovata",1,142.3,0,0,0,NA,142.3,"phytoplankton",2.15320490008428,-10.3233063903751,NA,NA,2.15320490008428,142.3,6.75925e-09,"g.ml"
"7","Federation lake_Cyclops scutifer","Cyclops scutifer","Adirondack lakes","Federation lake","Cyclops scutifer","species","copepod",NA,"invertebrate","swimming",2.24e-05,"USA",-74.41,44.34,"lakes",482,1,"","Federation lake","Cyclops scutifer",1,0,20,0,0,NA,2e-05,"zooplankton",-4.69897000433602,-4.64975198166584,NA,NA,-4.69897000433602,2e-05,4.48e-10,"g.ml"
"8","Federation lake_Daphnia pulex","Daphnia pulex","Adirondack lakes","Federation lake","Daphnia pulex","species","daphnia",NA,"invertebrate","swimming",5.8e-05,"USA",-74.41,44.34,"lakes",482,1,"","Federation lake","Daphnia pulex",1,0,59,0,0,NA,5.9e-05,"zooplankton",-4.22914798835786,-4.23657200643706,NA,NA,-4.22914798835786,5.89999999999999e-05,3.422e-09,"g.ml"
"9","Federation lake_Diaphanosoma birgei","Diaphanosoma birgei","Adirondack lakes","Federation lake","Diaphanosoma birgei","species","cladocera",NA,"invertebrate","swimming",4.01e-05,"USA",-74.41,44.34,"lakes",482,1,"","Federation lake","Diaphanosoma birgei",1,0,41491,0,0,NA,0.041491,"zooplankton",-1.38204609784762,-4.39685562737982,NA,NA,-1.38204609784762,0.041491,1.6637891e-06,"g.ml"
"10","Federation lake_Diaptomus leptopus","Diaptomus leptopus","Adirondack lakes","Federation lake","Diaptomus leptopus","species","copepod",NA,"invertebrate","swimming",1.01e-05,"USA",-74.41,44.34,"lakes",482,1,"","Federation lake","Diaptomus leptopus",1,0,17463,0,0,NA,0.017463,"zooplankton",-1.75788114599546,-4.99567862621736,NA,NA,-1.75788114599546,0.017463,1.763763e-07,"g.ml"
"11","Federation lake_Diaptomus minutus","Diaptomus minutus","Adirondack lakes","Federation lake","Diaptomus minutus","species","copepod",NA,"invertebrate","swimming",1.44e-05,"USA",-74.41,44.34,"lakes",482,1,"","Federation lake","Diaptomus minutus",1,0,1624,0,0,NA,0.001624,"zooplankton",-2.78941397509484,-4.84163750790475,NA,NA,-2.78941397509484,0.001624,2.33856e-08,"g.ml"
"12","Federation lake_Dinobryon sp.","Dinobryon sp.","Adirondack lakes","Federation lake","Dinobryon sp.","genus","golden-brown algae",NA,"primary producer","floating",1.36e-09,"USA",-74.41,44.34,"lakes",482,1,"","Federation lake","Dinobryon sp.",2,325.3,0,0,0,NA,325.3,"phytoplankton",2.51228406328185,-8.86646109162978,NA,NA,2.51228406328185,325.3,4.42408e-07,"g.ml"
"13","Federation lake_fish eggs","fish eggs","Adirondack lakes","Federation lake","fish eggs",NA,NA,"larvae","ectotherm vertebrate","floating",0.0201,"USA",-74.41,44.34,"lakes",482,1,"",NA,NA,NA,NA,NA,NA,NA,NA,NA,"fish",NA,-1.69680394257951,NA,NA,NA,NA,NA,"g.ml"
"14","Federation lake_fish fry","fish fry","Adirondack lakes","Federation lake","fish fry",NA,NA,"larvae","ectotherm vertebrate","swimming",0.016,"USA",-74.41,44.34,"lakes",482,1,"",NA,NA,NA,NA,NA,NA,NA,NA,NA,"fish",NA,-1.79588001734408,NA,NA,-5.55966031693396,2.75638376369601e-06,4.41021402191361e-08,"g.ml"
"15","Federation lake_Holopedium gibberum","Holopedium gibberum","Adirondack lakes","Federation lake","Holopedium gibberum","species","cladocera",NA,"invertebrate","swimming",6.82e-05,"USA",-74.41,44.34,"lakes",482,1,"","Federation lake","Holopedium gibberum",1,0,333,0,0,NA,0.000333,"zooplankton",-3.47755576649368,-4.16621562534352,NA,NA,-3.47755576649368,0.000333,2.27106e-08,"g.ml"
"16","Federation lake_Kelicottia longispina","Kelicottia longispina","Adirondack lakes","Federation lake","Kelicottia longispina","species","rotifer",NA,"invertebrate","swimming",2e-08,"USA",-74.41,44.34,"lakes",482,1,"","Federation lake","Kelicottia longispina",1,0,781,0,0,NA,0.000781,"zooplankton",-3.1073489661227,-7.69897000433602,NA,NA,-3.1073489661227,0.000781,1.562e-11,"g.ml"
"17","Federation lake_Keratella taurocephala","Keratella taurocephala","Adirondack lakes","Federation lake","Keratella taurocephala","species","rotifer",NA,"invertebrate","swimming",1e-08,"USA",-74.41,44.34,"lakes",482,1,"","Federation lake","Keratella taurocephala",1,0,296484,0,0,NA,0.296484,"zooplankton",-0.52799873872199,-8,NA,NA,-0.52799873872199,0.296484,2.96484e-09,"g.ml"
"18","Federation lake_Mallomonas sp.","Mallomonas sp.","Adirondack lakes","Federation lake","Mallomonas sp.","genus","golden-brown algae",NA,"primary producer","floating",5.65e-09,"USA",-74.41,44.34,"lakes",482,1,"","Federation lake","Mallomonas sp.",2,38.1,0,0,0,NA,38.1,"phytoplankton",1.58092497567562,-8.24795155218056,NA,NA,1.58092497567562,38.1,2.15265e-07,"g.ml"
"19","Federation lake_Oocyctis sp.","Oocyctis sp.","Adirondack lakes","Federation lake","Oocyctis sp.","genus","green algae",NA,"primary producer","floating",8.61e-08,"USA",-74.41,44.34,"lakes",482,1,"","Federation lake","Oocyctis sp.",1,101.6,0,0,0,NA,101.6,"phytoplankton",2.0068937079479,-7.06499684854635,NA,NA,2.0068937079479,101.6,8.74776e-06,"g.ml"
"20","Federation lake_Polyarthra vulgaris","Polyarthra vulgaris","Adirondack lakes","Federation lake","Polyarthra vulgaris","species","rotifer",NA,"invertebrate","swimming",5.09e-07,"USA",-74.41,44.34,"lakes",482,1,"","Federation lake","Polyarthra vulgaris",1,0,20052,0,0,NA,0.020052,"zooplankton",-1.69784230405898,-6.29328221766324,NA,NA,-1.69784230405898,0.020052,1.0206468e-08,"g.ml"
"21","Federation lake_Salvelinus fontinalis","Salvelinus fontinalis","Adirondack lakes","Federation lake","Salvelinus fontinalis","species","brook trout",NA,"ectotherm vertebrate","swimming",222,"USA",-74.41,44.34,"lakes",482,1,"","Federation lake","Salvelinus fontinalis",1,0,0,3,14.28571429,0.209999999937,NA,"fish",NA,2.34635297445064,-0.677780705396369,-8.49408552657124,-8.49408552657124,3.20563796897711e-09,7.11651629112918e-07,"g.ml"
"22","Federation lake_Schroederia setigera","Schroederia setigera","Adirondack lakes","Federation lake","Schroederia setigera","species","green algae",NA,"primary producer","floating",6.37e-10,"USA",-74.41,44.34,"lakes",482,1,"","Federation lake","Schroederia setigera",1,17.8,0,0,0,NA,17.8,"phytoplankton",1.25042000230889,-9.19586056766465,NA,NA,1.25042000230889,17.8,1.13386e-08,"g.ml"
