"","Lake_species","Taxa.x","study.site","foodweb.name","taxonomy","taxonomy.level","common","lifestage","metabolic.type","movement.type","mass.mean.g.","geographic.location","longitude","latitude","ecosystem.type","altitude","include","notes","lake_database","Taxa.y","Count.of.Lake_species","Sum.of.phyto_density_ind_ml","Sum.of.zoop_density_ind_m3","Sum.of.fish_number","Sum.of.effort_h","CPUE","density","species_type","logN","logM","logCPUE","logCPUE.pred","log10.density.comb","density.comb","biomass","biomass_units"
"1","Rat Lake_Alona quadrangularis","Alona quadrangularis","Adirondack lakes","Rat Lake","Alona quadrangularis","species","water flea",NA,"invertebrate","swimming",4.01e-05,"USA",-74.31,44.35,"lakes",492,1,"","Rat Lake","Alona quadrangularis",1,0,59,0,0,NA,5.9e-05,"zooplankton",-4.22914798835786,-4.39685562737982,NA,NA,-4.22914798835786,5.89999999999999e-05,2.3659e-09,"g.ml"
"2","Rat Lake_Anabaena flos-aquae","Anabaena flos-aquae","Adirondack lakes","Rat Lake","Anabaena flos-aquae","species","cyanobacteria",NA,"primary producer","floating",5.51e-11,"USA",-74.31,44.35,"lakes",492,1,"","Rat Lake","Anabaena flos-aquae",1,0.8,0,0,0,NA,0.8,"phytoplankton",-0.0969100130080564,-10.2588484011482,NA,NA,-0.0969100130080564,0.8,4.408e-11,"g.ml"
"3","Rat Lake_Anabaena sp.","Anabaena sp.","Adirondack lakes","Rat Lake","Anabaena sp.","genus","cyanobacteria",NA,"primary producer","floating",5.51e-11,"USA",-74.31,44.35,"lakes",492,1,"","Rat Lake","Anabaena sp.",1,33.3,0,0,0,NA,33.3,"phytoplankton",1.52244423350632,-10.2588484011482,NA,NA,1.52244423350632,33.3,1.83483e-09,"g.ml"
"4","Rat Lake_Arthrodesmus incus","Arthrodesmus incus","Adirondack lakes","Rat Lake","Arthrodesmus incus","species","phytoplankton",NA,"primary producer","floating",2.39e-10,"USA",-74.31,44.35,"lakes",492,1,"","Rat Lake","Arthrodesmus incus",1,7,0,0,0,NA,7,"phytoplankton",0.845098040014257,-9.62160209905186,NA,NA,0.845098040014257,7,1.673e-09,"g.ml"
"5","Rat Lake_Asterionella formosa","Asterionella formosa","Adirondack lakes","Rat Lake","Asterionella formosa","species","phytoplankton",NA,"primary producer","floating",5.12e-10,"USA",-74.31,44.35,"lakes",492,1,"","Rat Lake","Asterionella formosa",1,14,0,0,0,NA,14,"phytoplankton",1.14612803567824,-9.29073003902417,NA,NA,1.14612803567824,14,7.168e-09,"g.ml"
"6","Rat Lake_benthic detritus","benthic detritus","Adirondack lakes","Rat Lake","benthic detritus",NA,NA,NA,"detritus","sessile",NA,"USA",-74.31,44.35,"lakes",492,1,"",NA,NA,NA,NA,NA,NA,NA,NA,NA,"detritus",NA,NA,NA,NA,NA,NA,NA,"g.ml"
"7","Rat Lake_Bosmina longirostris","Bosmina longirostris","Adirondack lakes","Rat Lake","Bosmina longirostris","species","water flea",NA,"invertebrate","swimming",1.55e-06,"USA",-74.31,44.35,"lakes",492,1,"","Rat Lake","Bosmina longirostris",1,0,11948,0,0,NA,0.011948,"zooplankton",-1.92270478606791,-5.80966830182971,NA,NA,-1.92270478606791,0.011948,1.85194e-08,"g.ml"
"8","Rat Lake_Catostomus commersoni","Catostomus commersoni","Adirondack lakes","Rat Lake","Catostomus commersoni","species","white sucker",NA,"ectotherm vertebrate","swimming",340,"USA",-74.31,44.35,"lakes",492,1,"","Rat Lake","Catostomus commersoni",1,0,0,1,33.33333333,0.030000000003,NA,"fish",NA,2.53147891704225,-1.52287874523691,-9.33918356641178,-9.33918356641178,4.57948281465622e-10,1.55702415698312e-07,"g.ml"
"9","Rat Lake_Conochiloides unicornis","Conochiloides unicornis","Adirondack lakes","Rat Lake","Conochiloides unicornis","species","rotifer",NA,"invertebrate","swimming",3.18e-07,"USA",-74.31,44.35,"lakes",492,1,"","Rat Lake","Conochiloides unicornis",1,0,8125,0,0,NA,0.008125,"zooplankton",-2.09017663034909,-6.49757288001557,NA,NA,-2.09017663034909,0.008125,2.58375e-09,"g.ml"
"10","Rat Lake_copepod nauplii","copepod nauplii","Adirondack lakes","Rat Lake","copepod nauplii",NA,"copepod","nauplii","invertebrate","swimming",2.8e-06,"USA",-74.31,44.35,"lakes",492,1,"","Rat Lake","copepod nauplii",1,0,23125,0,0,NA,0.023125,"zooplankton",-1.63591825858893,-5.55284196865778,NA,NA,-1.63591825858893,0.023125,6.475e-08,"g.ml"
"11","Rat Lake_Cryptomonas erosa","Cryptomonas erosa","Adirondack lakes","Rat Lake","Cryptomonas erosa","species","phytoplankton",NA,"primary producer","floating",4.75e-11,"USA",-74.31,44.35,"lakes",492,1,"","Rat Lake","Cryptomonas erosa",1,42,0,0,0,NA,42,"phytoplankton",1.6232492903979,-10.3233063903751,NA,NA,1.6232492903979,42,1.995e-09,"g.ml"
"12","Rat Lake_Cryptomonas ovata","Cryptomonas ovata","Adirondack lakes","Rat Lake","Cryptomonas ovata","species","phytoplankton",NA,"primary producer","floating",4.75e-11,"USA",-74.31,44.35,"lakes",492,1,"","Rat Lake","Cryptomonas ovata",1,96.2,0,0,0,NA,96.2,"phytoplankton",1.98317507203781,-10.3233063903751,NA,NA,1.98317507203781,96.2,4.5695e-09,"g.ml"
"13","Rat Lake_Cyclops vernalis","Cyclops vernalis","Adirondack lakes","Rat Lake","Cyclops vernalis","species","copepod",NA,"invertebrate","swimming",2.24e-05,"USA",-74.31,44.35,"lakes",492,1,"","Rat Lake","Cyclops vernalis",1,0,8050,0,0,NA,0.00805,"zooplankton",-2.09420411963213,-4.64975198166584,NA,NA,-2.09420411963213,0.00805,1.8032e-07,"g.ml"
"14","Rat Lake_Daphnia catawba","Daphnia catawba","Adirondack lakes","Rat Lake","Daphnia catawba","species","daphnia",NA,"invertebrate","swimming",1e-05,"USA",-74.31,44.35,"lakes",492,1,"","Rat Lake","Daphnia catawba",1,0,2969,0,0,NA,0.002969,"zooplankton",-2.52738980240396,-5,NA,NA,-2.52738980240396,0.002969,2.969e-08,"g.ml"
"15","Rat Lake_Diaphanosoma birgei","Diaphanosoma birgei","Adirondack lakes","Rat Lake","Diaphanosoma birgei","species","cladocera",NA,"invertebrate","swimming",4.01e-05,"USA",-74.31,44.35,"lakes",492,1,"","Rat Lake","Diaphanosoma birgei",1,0,7447,0,0,NA,0.007447,"zooplankton",-2.12801864615663,-4.39685562737982,NA,NA,-2.12801864615663,0.007447,2.986247e-07,"g.ml"
"16","Rat Lake_Diaptomus minutus","Diaptomus minutus","Adirondack lakes","Rat Lake","Diaptomus minutus","species","copepod",NA,"invertebrate","swimming",1.44e-05,"USA",-74.31,44.35,"lakes",492,1,"","Rat Lake","Diaptomus minutus",1,0,6695,0,0,NA,0.006695,"zooplankton",-2.17424941865197,-4.84163750790475,NA,NA,-2.17424941865197,0.006695,9.6408e-08,"g.ml"
"17","Rat Lake_Dictyosphaerium pulchellum","Dictyosphaerium pulchellum","Adirondack lakes","Rat Lake","Dictyosphaerium pulchellum","species","green algae",NA,"primary producer","floating",7.14e-10,"USA",-74.31,44.35,"lakes",492,1,"","Rat Lake","Dictyosphaerium pulchellum",1,462,0,0,0,NA,462,"phytoplankton",2.66464197555613,-9.14630178822383,NA,NA,2.66464197555613,462,3.29868e-07,"g.ml"
"18","Rat Lake_Dinobryon bavaricum","Dinobryon bavaricum","Adirondack lakes","Rat Lake","Dinobryon bavaricum","species","golden-brown algae",NA,"primary producer","floating",1.36e-09,"USA",-74.31,44.35,"lakes",492,1,"","Rat Lake","Dinobryon bavaricum",1,1.8,0,0,0,NA,1.8,"phytoplankton",0.255272505103306,-8.86646109162978,NA,NA,0.255272505103306,1.8,2.448e-09,"g.ml"
"19","Rat Lake_Elakatrothrix gelatinosa","Elakatrothrix gelatinosa","Adirondack lakes","Rat Lake","Elakatrothrix gelatinosa","species","phytoplankton",NA,"primary producer","floating",1.96e-10,"USA",-74.31,44.35,"lakes",492,1,"","Rat Lake","Elakatrothrix gelatinosa",1,3.5,0,0,0,NA,3.5,"phytoplankton",0.544068044350276,-9.70774392864352,NA,NA,0.544068044350276,3.5,6.86e-10,"g.ml"
"20","Rat Lake_fish eggs","fish eggs","Adirondack lakes","Rat Lake","fish eggs",NA,NA,"larvae","ectotherm vertebrate","floating",0.0201,"USA",-74.31,44.35,"lakes",492,1,"",NA,NA,NA,NA,NA,NA,NA,NA,NA,"fish",NA,-1.69680394257951,NA,NA,NA,NA,NA,"g.ml"
"21","Rat Lake_fish fry","fish fry","Adirondack lakes","Rat Lake","fish fry",NA,NA,"larvae","ectotherm vertebrate","swimming",0.016,"USA",-74.31,44.35,"lakes",492,1,"",NA,NA,NA,NA,NA,NA,NA,NA,NA,"fish",NA,-1.79588001734408,NA,NA,-5.55966031693396,2.75638376369601e-06,4.41021402191361e-08,"g.ml"
"22","Rat Lake_Gastropus hyptopus","Gastropus hyptopus","Adirondack lakes","Rat Lake","Gastropus hyptopus","species","rotifer",NA,"invertebrate","swimming",1.23e-06,"USA",-74.31,44.35,"lakes",492,1,"","Rat Lake","Gastropus hyptopus",1,0,132813,0,0,NA,0.132813,"zooplankton",-0.876759413281681,-5.9100948885606,NA,NA,-0.876759413281681,0.132813,1.6335999e-07,"g.ml"
"23","Rat Lake_Gastropus stylifer","Gastropus stylifer","Adirondack lakes","Rat Lake","Gastropus stylifer","species","rotifer",NA,"invertebrate","swimming",8.55e-07,"USA",-74.31,44.35,"lakes",492,1,"","Rat Lake","Gastropus stylifer",1,0,937,0,0,NA,0.000937,"zooplankton",-3.02826040911222,-6.06803388527183,NA,NA,-3.02826040911222,0.000937,8.01135e-10,"g.ml"
"24","Rat Lake_Gymnodinium palustre","Gymnodinium palustre","Adirondack lakes","Rat Lake","Gymnodinium palustre","species","phytoplankton",NA,"primary producer","floating",9.39e-09,"USA",-74.31,44.35,"lakes",492,1,"","Rat Lake","Gymnodinium palustre",1,173.3,0,0,0,NA,173.3,"phytoplankton",2.23879856271392,-8.02733440773389,NA,NA,2.23879856271392,173.3,1.627287e-06,"g.ml"
"25","Rat Lake_Holopedium gibberum","Holopedium gibberum","Adirondack lakes","Rat Lake","Holopedium gibberum","species","cladocera",NA,"invertebrate","swimming",6.82e-05,"USA",-74.31,44.35,"lakes",492,1,"","Rat Lake","Holopedium gibberum",1,0,70,0,0,NA,7e-05,"zooplankton",-4.15490195998574,-4.16621562534352,NA,NA,-4.15490195998574,7e-05,4.774e-09,"g.ml"
"26","Rat Lake_Kelicottia bostoniensis","Kelicottia bostoniensis","Adirondack lakes","Rat Lake","Kelicottia bostoniensis","species","rotifer",NA,"invertebrate","swimming",2e-08,"USA",-74.31,44.35,"lakes",492,1,"","Rat Lake","Kelicottia bostoniensis",1,0,309375,0,0,NA,0.309375,"zooplankton",-0.509514783722356,-7.69897000433602,NA,NA,-0.509514783722356,0.309375,6.1875e-09,"g.ml"
"27","Rat Lake_Kelicottia longispina","Kelicottia longispina","Adirondack lakes","Rat Lake","Kelicottia longispina","species","rotifer",NA,"invertebrate","swimming",2e-08,"USA",-74.31,44.35,"lakes",492,1,"","Rat Lake","Kelicottia longispina",1,0,33750,0,0,NA,0.03375,"zooplankton",-1.47172622283296,-7.69897000433602,NA,NA,-1.47172622283296,0.03375,6.75e-10,"g.ml"
"28","Rat Lake_Keratella cochlearis","Keratella cochlearis","Adirondack lakes","Rat Lake","Keratella cochlearis","species","rotifer",NA,"invertebrate","swimming",1e-08,"USA",-74.31,44.35,"lakes",492,1,"","Rat Lake","Keratella cochlearis",1,0,3125,0,0,NA,0.003125,"zooplankton",-2.50514997831991,-8,NA,NA,-2.50514997831991,0.003125,3.125e-11,"g.ml"
"29","Rat Lake_Keratella taurocephala","Keratella taurocephala","Adirondack lakes","Rat Lake","Keratella taurocephala","species","rotifer",NA,"invertebrate","swimming",1e-08,"USA",-74.31,44.35,"lakes",492,1,"","Rat Lake","Keratella taurocephala",1,0,7187,0,0,NA,0.007187,"zooplankton",-2.14345235514325,-8,NA,NA,-2.14345235514325,0.007187,7.187e-11,"g.ml"
"30","Rat Lake_Leptodora kindtii","Leptodora kindtii","Adirondack lakes","Rat Lake","Leptodora kindtii","species","cladocera",NA,"invertebrate","swimming",0.00456,"USA",-74.31,44.35,"lakes",492,1,"","Rat Lake","Leptodora kindtii",1,0,211,0,0,NA,0.000211,"zooplankton",-3.67571754470231,-2.34103515733557,NA,NA,-3.67571754470231,0.000211,9.6216e-07,"g.ml"
"31","Rat Lake_Mallomonas sp.","Mallomonas sp.","Adirondack lakes","Rat Lake","Mallomonas sp.","genus","golden-brown algae",NA,"primary producer","floating",5.65e-09,"USA",-74.31,44.35,"lakes",492,1,"","Rat Lake","Mallomonas sp.",1,28,0,0,0,NA,28,"phytoplankton",1.44715803134222,-8.24795155218056,NA,NA,1.44715803134222,28,1.582e-07,"g.ml"
"32","Rat Lake_Mesocyclops edax","Mesocyclops edax","Adirondack lakes","Rat Lake","Mesocyclops edax","species","copepod",NA,"invertebrate","swimming",1e-05,"USA",-74.31,44.35,"lakes",492,1,"","Rat Lake","Mesocyclops edax",1,0,6000,0,0,NA,0.006,"zooplankton",-2.22184874961636,-5,NA,NA,-2.22184874961636,0.006,6e-08,"g.ml"
"33","Rat Lake_Notemigonus crysoleucas","Notemigonus crysoleucas","Adirondack lakes","Rat Lake","Notemigonus crysoleucas","species","golden shiner",NA,"ectotherm vertebrate","swimming",10,"USA",-74.31,44.35,"lakes",492,1,"","Rat Lake","Notemigonus crysoleucas",3,0,0,15,69.97668998,0.214357095259681,NA,"fish",NA,1,-0.668862136687389,-8.48516695786226,-8.48516695786226,3.27214877947724e-09,3.27214877947724e-08,"g.ml"
"34","Rat Lake_Oocyctis sp.","Oocyctis sp.","Adirondack lakes","Rat Lake","Oocyctis sp.","genus","green algae",NA,"primary producer","floating",8.61e-08,"USA",-74.31,44.35,"lakes",492,1,"","Rat Lake","Oocyctis sp.",1,304.5,0,0,0,NA,304.5,"phytoplankton",2.48358729696889,-7.06499684854635,NA,NA,2.48358729696889,304.5,2.621745e-05,"g.ml"
"35","Rat Lake_Osmerus mordax","Osmerus mordax","Adirondack lakes","Rat Lake","Osmerus mordax","species","rainbow smelt",NA,"ectotherm vertebrate","swimming",6,"USA",-74.31,44.35,"lakes",492,1,"","Rat Lake","Osmerus mordax",1,0,0,1,20,0.05,NA,"fish",NA,0.778151250383644,-1.30102999566398,-9.11733481683886,-9.11733481683886,7.63247135699714e-10,4.57948281419828e-09,"g.ml"
"36","Rat Lake_Pediastrum tetras","Pediastrum tetras","Adirondack lakes","Rat Lake","Pediastrum tetras","species","green algae",NA,"primary producer","floating",4.91e-10,"USA",-74.31,44.35,"lakes",492,1,"","Rat Lake","Pediastrum tetras",1,7,0,0,0,NA,7,"phytoplankton",0.845098040014257,-9.30891850787703,NA,NA,0.845098040014257,7,3.437e-09,"g.ml"
"37","Rat Lake_Peridinium inconspicuum","Peridinium inconspicuum","Adirondack lakes","Rat Lake","Peridinium inconspicuum","species","dinoflagellate",NA,"primary producer","swimming",5.6e-08,"USA",-74.31,44.35,"lakes",492,1,"","Rat Lake","Peridinium inconspicuum",1,31.5,0,0,0,NA,31.5,"phytoplankton",1.4983105537896,-7.2518119729938,NA,NA,1.4983105537896,31.5,1.764e-06,"g.ml"
"38","Rat Lake_Peridinium wisconsinense","Peridinium wisconsinense","Adirondack lakes","Rat Lake","Peridinium wisconsinense","species","dinoflagellate",NA,"primary producer","swimming",5.6e-08,"USA",-74.31,44.35,"lakes",492,1,"","Rat Lake","Peridinium wisconsinense",1,31.5,0,0,0,NA,31.5,"phytoplankton",1.4983105537896,-7.2518119729938,NA,NA,1.4983105537896,31.5,1.764e-06,"g.ml"
"39","Rat Lake_Pimephales promelas","Pimephales promelas","Adirondack lakes","Rat Lake","Pimephales promelas","species","fathead minnow",NA,"ectotherm vertebrate","swimming",67,"USA",-74.31,44.35,"lakes",492,1,"","Rat Lake","Pimephales promelas",1,0,0,2,18.18181818,0.110000000011,NA,"fish",NA,1.82607480270083,-0.958607314798345,-8.77491213597322,-8.77491213597322,1.67914369870728e-09,1.12502627813388e-07,"g.ml"
"40","Rat Lake_Polyarthra major","Polyarthra major","Adirondack lakes","Rat Lake","Polyarthra major","species","rotifer",NA,"invertebrate","swimming",8.55e-07,"USA",-74.31,44.35,"lakes",492,1,"","Rat Lake","Polyarthra major",1,0,937,0,0,NA,0.000937,"zooplankton",-3.02826040911222,-6.06803388527183,NA,NA,-3.02826040911222,0.000937,8.01135e-10,"g.ml"
"41","Rat Lake_Polyarthra remata","Polyarthra remata","Adirondack lakes","Rat Lake","Polyarthra remata","species","rotifer",NA,"invertebrate","swimming",1.99e-07,"USA",-74.31,44.35,"lakes",492,1,"","Rat Lake","Polyarthra remata",1,0,6875,0,0,NA,0.006875,"zooplankton",-2.1627272974977,-6.70114692359029,NA,NA,-2.1627272974977,0.006875,1.368125e-09,"g.ml"
"42","Rat Lake_Rhinichthys atratulus","Rhinichthys atratulus","Adirondack lakes","Rat Lake","Rhinichthys atratulus","species","blacknose dace",NA,"ectotherm vertebrate","swimming",2.3,"USA",-74.31,44.35,"lakes",492,1,"","Rat Lake","Rhinichthys atratulus",1,0,0,37,18.5,2,NA,"fish",NA,0.361727836017593,0.301029995663981,-7.51527482551089,-7.51527482551089,3.05298854279885e-08,7.02187364843735e-08,"g.ml"
"43","Rat Lake_Salmo rutta","Salmo rutta","Adirondack lakes","Rat Lake","Salmo trutta","species",NA,NA,"ectotherm vertebrate","swimming",500,"USA",-74.31,44.35,"lakes",492,1,"","Rat Lake","Salmo rutta",2,0,0,17,58.0952381,0.292622950795687,NA,"fish",NA,2.69897000433602,-0.533691614598153,-8.34999643577303,-8.34999643577303,4.4668725806961e-09,2.23343629034805e-06,"g.ml"
"44","Rat Lake_Salvelinus fontinalis","Salvelinus fontinalis","Adirondack lakes","Rat Lake","Salvelinus fontinalis","species","brook trout",NA,"ectotherm vertebrate","swimming",181,"USA",-74.31,44.35,"lakes",492,1,"","Rat Lake","Salvelinus fontinalis",1,0,0,6,37.5,0.16,NA,"fish",NA,2.25767857486918,-0.795880017344075,-8.61218483851895,-8.61218483851895,2.44239083423908e-09,4.42072740997273e-07,"g.ml"
"45","Rat Lake_Scenedesmus sp.","Scenedesmus sp.","Adirondack lakes","Rat Lake","Scenedesmus sp.","genus","green algae",NA,"primary producer","floating",1.61e-10,"USA",-74.31,44.35,"lakes",492,1,"","Rat Lake","Scenedesmus sp.",1,7,0,0,0,NA,7,"phytoplankton",0.845098040014257,-9.79317412396815,NA,NA,0.845098040014257,7,1.127e-09,"g.ml"
"46","Rat Lake_Spondylosium planum","Spondylosium planum","Adirondack lakes","Rat Lake","Spondylosium planum","species","green algae",NA,"primary producer","floating",8.72e-10,"USA",-74.31,44.35,"lakes",492,1,"","Rat Lake","Spondylosium planum",1,154,0,0,0,NA,154,"phytoplankton",2.18752072083646,-9.05948351506743,NA,NA,2.18752072083646,154,1.34288e-07,"g.ml"
"47","Rat Lake_Staurastrum megacanthum","Staurastrum megacanthum","Adirondack lakes","Rat Lake","Staurastrum megacanthum","species","green algae",NA,"primary producer","floating",3.89e-09,"USA",-74.31,44.35,"lakes",492,1,"","Rat Lake","Staurastrum megacanthum",1,1.8,0,0,0,NA,1.8,"phytoplankton",0.255272505103306,-8.41005039867429,NA,NA,0.255272505103306,1.8,7.002e-09,"g.ml"
"48","Rat Lake_Synura sp.","Synura sp.","Adirondack lakes","Rat Lake","Synura sp.","genus","colonial phytoplankton",NA,"primary producer","swimming",1.61e-10,"USA",-74.31,44.35,"lakes",492,1,"","Rat Lake","Synura sp.",1,560,0,0,0,NA,560,"phytoplankton",2.7481880270062,-9.79317412396815,NA,NA,2.7481880270062,560,9.016e-08,"g.ml"
"49","Rat Lake_Tabellaria fenestrata","Tabellaria fenestrata","Adirondack lakes","Rat Lake","Tabellaria fenestrata","species","diatom",NA,"primary producer","floating",1.07e-09,"USA",-74.31,44.35,"lakes",492,1,"","Rat Lake","Tabellaria fenestrata",1,110.3,0,0,0,NA,110.3,"phytoplankton",2.04257551244019,-8.97061622231479,NA,NA,2.04257551244019,110.3,1.18021e-07,"g.ml"
"50","Rat Lake_Tropocyclops prasinus","Tropocyclops prasinus","Adirondack lakes","Rat Lake","Tropocyclops prasinus","species","copepod",NA,"invertebrate","swimming",6.85e-06,"USA",-74.31,44.35,"lakes",492,1,"","Rat Lake","Tropocyclops prasinus",1,0,3439,0,0,NA,0.003439,"zooplankton",-2.46356782417799,-5.16430942850757,NA,NA,-2.46356782417799,0.003439,2.355715e-08,"g.ml"
