"","benthic detritus","fish fry","Chydorus sphaericus","fish eggs","Oocyctis sp.","Diaptomus leptopus","Diaptomus minutus","Cryptomonas ovata","Keratella taurocephala","Kelicottia longispina","Daphnia pulex","Holopedium gibberum","Mallomonas sp.","Dinobryon sp.","Polyarthra vulgaris","Schroederia setigera","Conochiloides dossuarius","Botryococcus braunii","Diaphanosoma birgei","copepod nauplii","Cyclops scutifer","Salvelinus fontinalis"
"benthic detritus",0,1,1,0,0,0,0,0,0,0,0,0,0,0,0,0,0,0,0,0,0,0
"fish fry",0,0,0,0,0,0,0,0,0,0,0,0,0,0,0,0,0,0,0,0,0,1
"Chydorus sphaericus",0,1,0,0,0,0,0,0,0,0,0,0,0,0,0,0,0,0,0,0,1,0
"fish eggs",0,1,0,0,0,0,0,0,0,0,0,0,0,0,0,0,0,0,0,0,0,0
"Oocyctis sp.",0,0,0,0,0,1,1,0,0,0,1,1,0,0,0,0,0,0,0,0,0,0
"Diaptomus leptopus",0,1,0,0,0,0,0,0,0,0,0,0,0,0,0,0,0,0,0,0,1,0
"Diaptomus minutus",0,1,0,0,0,0,0,0,0,0,0,0,0,0,0,0,0,0,0,0,1,0
"Cryptomonas ovata",0,0,1,0,0,1,1,0,1,1,1,1,0,0,1,0,1,0,1,1,0,0
"Keratella taurocephala",0,1,0,0,0,0,0,0,0,0,0,0,0,0,0,0,0,0,0,0,1,0
"Kelicottia longispina",0,1,0,0,0,0,0,0,0,0,0,0,0,0,0,0,0,0,0,0,1,0
"Daphnia pulex",0,1,0,0,0,0,0,0,0,0,0,0,0,0,0,0,0,0,0,0,0,0
"Holopedium gibberum",0,1,0,0,0,0,0,0,0,0,0,0,0,0,0,0,0,0,0,0,0,0
"Mallomonas sp.",0,0,0,0,0,1,1,0,0,0,1,1,0,0,0,0,0,0,0,0,0,0
"Dinobryon sp.",0,0,0,0,0,1,1,0,0,0,1,1,0,0,0,0,0,0,0,0,0,0
"Polyarthra vulgaris",0,1,0,0,0,0,0,0,0,0,0,0,0,0,0,0,0,0,0,0,1,0
"Schroederia setigera",0,0,0,0,0,1,1,0,0,0,1,1,0,0,0,0,0,0,0,0,0,0
"Conochiloides dossuarius",0,1,0,0,0,0,0,0,0,0,0,0,0,0,0,0,0,0,0,0,1,0
"Botryococcus braunii",0,0,0,0,0,1,1,0,0,0,1,1,0,0,0,0,0,0,0,0,0,0
"Diaphanosoma birgei",0,1,0,0,0,0,0,0,0,0,0,0,0,0,0,0,0,0,0,0,0,0
"copepod nauplii",0,1,0,0,0,0,0,0,0,0,0,0,0,0,0,0,0,0,0,0,1,0
"Cyclops scutifer",0,1,0,0,0,0,0,0,0,0,0,0,0,0,0,0,0,0,0,0,1,0
"Salvelinus fontinalis",0,0,0,0,0,0,0,0,0,0,0,0,0,0,0,0,0,0,0,0,0,1
