"","benthic detritus","Acantholeberis curvirostris","Chydorus sphaericus","Oocyctis sp.","Diaptomus leptopus","Diaptomus minutus","Cryptomonas erosa","Keratella taurocephala","Cryptomonas ovata","Holopedium gibberum","Zygnema sp.","Lepadella triptera","Mallomonas sp.","Staurastrum sp.","Dinobryon sp.","Tabellaria fenestrata","Navicula sp.","Schroederia setigera","Asterionella formosa","Bosmina longirostris","Conochiloides dossuarius","Closterium sp.","Merismopedia punctata","Diaphanosoma birgei","copepod nauplii","Polyphemus pediculus"
"benthic detritus",0,1,1,0,0,0,0,0,0,0,0,0,0,0,0,0,0,0,0,0,0,0,0,0,0,0
"Acantholeberis curvirostris",0,0,0,0,0,0,0,0,0,0,0,0,0,0,0,0,0,0,0,0,0,0,0,0,0,1
"Chydorus sphaericus",0,0,0,0,0,0,0,0,0,0,0,0,0,0,0,0,0,0,0,0,0,0,0,0,0,1
"Oocyctis sp.",0,0,0,0,1,1,0,0,0,1,0,0,0,0,0,0,0,0,0,0,0,0,0,0,0,0
"Diaptomus leptopus",0,0,0,0,0,0,0,0,0,0,0,0,0,0,0,0,0,0,0,0,0,0,0,0,0,0
"Diaptomus minutus",0,0,0,0,0,0,0,0,0,0,0,0,0,0,0,0,0,0,0,0,0,0,0,0,0,0
"Cryptomonas erosa",0,0,1,0,1,1,0,1,0,1,0,1,0,0,0,0,0,0,0,1,1,0,0,1,1,0
"Keratella taurocephala",0,0,0,0,0,0,0,0,0,0,0,0,0,0,0,0,0,0,0,0,0,0,0,0,0,0
"Cryptomonas ovata",0,0,1,0,1,1,0,1,0,1,0,1,0,0,0,0,0,0,0,1,1,0,0,1,1,0
"Holopedium gibberum",0,0,0,0,0,0,0,0,0,0,0,0,0,0,0,0,0,0,0,0,0,0,0,0,0,0
"Zygnema sp.",0,1,0,0,0,0,0,0,0,0,0,0,0,0,0,0,0,0,0,0,0,0,0,0,0,0
"Lepadella triptera",0,0,0,0,0,0,0,0,0,0,0,0,0,0,0,0,0,0,0,0,0,0,0,0,0,0
"Mallomonas sp.",0,0,0,0,1,1,0,0,0,1,0,0,0,0,0,0,0,0,0,0,0,0,0,0,0,0
"Staurastrum sp.",0,0,0,0,1,1,0,0,0,1,0,0,0,0,0,0,0,0,0,0,0,0,0,0,0,0
"Dinobryon sp.",0,0,0,0,1,1,0,0,0,1,0,0,0,0,0,0,0,0,0,0,0,0,0,0,0,0
"Tabellaria fenestrata",0,1,0,0,1,1,0,0,0,1,0,0,0,0,0,0,0,0,0,0,0,0,0,0,0,0
"Navicula sp.",0,0,0,0,1,1,0,0,0,1,0,0,0,0,0,0,0,0,0,0,0,0,0,0,0,0
"Schroederia setigera",0,0,0,0,1,1,0,0,0,1,0,0,0,0,0,0,0,0,0,0,0,0,0,0,0,0
"Asterionella formosa",0,1,0,0,1,1,0,0,0,1,0,0,0,0,0,0,0,0,0,0,0,0,0,0,0,0
"Bosmina longirostris",0,0,0,0,0,0,0,0,0,0,0,0,0,0,0,0,0,0,0,0,0,0,0,0,0,1
"Conochiloides dossuarius",0,0,0,0,0,0,0,0,0,0,0,0,0,0,0,0,0,0,0,0,0,0,0,0,0,0
"Closterium sp.",0,0,0,0,1,1,0,0,0,1,0,0,0,0,0,0,0,0,0,0,0,0,0,0,0,0
"Merismopedia punctata",0,0,0,0,1,1,0,0,0,1,0,0,0,0,0,0,0,0,0,0,0,0,0,0,0,0
"Diaphanosoma birgei",0,0,0,0,0,0,0,0,0,0,0,0,0,0,0,0,0,0,0,0,0,0,0,0,0,0
"copepod nauplii",0,0,0,0,0,0,0,0,0,0,0,0,0,0,0,0,0,0,0,0,0,0,0,0,0,1
"Polyphemus pediculus",0,0,0,0,0,0,0,0,0,0,0,0,0,0,0,0,0,0,0,0,0,0,0,0,0,1
